trafficway_type,alignment,roadway_surface_condition,road_defect
ALLEY,"CURVE, LEVEL",WET,"RUT, HOLES"
ALLEY,STRAIGHT AND LEVEL,DRY,NO DEFECTS
ALLEY,STRAIGHT AND LEVEL,DRY,"RUT, HOLES"
ALLEY,STRAIGHT AND LEVEL,DRY,SHOULDER DEFECT
ALLEY,STRAIGHT AND LEVEL,DRY,UNKNOWN
ALLEY,STRAIGHT AND LEVEL,DRY,WORN SURFACE
ALLEY,STRAIGHT AND LEVEL,ICE,NO DEFECTS
ALLEY,STRAIGHT AND LEVEL,ICE,SHOULDER DEFECT
ALLEY,STRAIGHT AND LEVEL,ICE,UNKNOWN
ALLEY,STRAIGHT AND LEVEL,ICE,WORN SURFACE
ALLEY,STRAIGHT AND LEVEL,OTHER,UNKNOWN
ALLEY,STRAIGHT AND LEVEL,SNOW OR SLUSH,NO DEFECTS
ALLEY,STRAIGHT AND LEVEL,SNOW OR SLUSH,OTHER
ALLEY,STRAIGHT AND LEVEL,SNOW OR SLUSH,"RUT, HOLES"
ALLEY,STRAIGHT AND LEVEL,SNOW OR SLUSH,UNKNOWN
ALLEY,STRAIGHT AND LEVEL,UNKNOWN,NO DEFECTS
ALLEY,STRAIGHT AND LEVEL,UNKNOWN,UNKNOWN
ALLEY,STRAIGHT AND LEVEL,WET,DEBRIS ON ROADWAY
ALLEY,STRAIGHT AND LEVEL,WET,NO DEFECTS
ALLEY,STRAIGHT AND LEVEL,WET,"RUT, HOLES"
ALLEY,STRAIGHT AND LEVEL,WET,UNKNOWN
ALLEY,STRAIGHT AND LEVEL,WET,WORN SURFACE
ALLEY,STRAIGHT ON GRADE,DRY,NO DEFECTS
ALLEY,STRAIGHT ON GRADE,DRY,OTHER
ALLEY,STRAIGHT ON GRADE,DRY,UNKNOWN
ALLEY,STRAIGHT ON GRADE,SNOW OR SLUSH,NO DEFECTS
ALLEY,STRAIGHT ON GRADE,UNKNOWN,UNKNOWN
ALLEY,STRAIGHT ON GRADE,WET,NO DEFECTS
ALLEY,STRAIGHT ON GRADE,WET,UNKNOWN
CENTER TURN LANE,CURVE ON GRADE,DRY,NO DEFECTS
CENTER TURN LANE,CURVE ON GRADE,DRY,"RUT, HOLES"
CENTER TURN LANE,CURVE ON GRADE,WET,NO DEFECTS
CENTER TURN LANE,"CURVE, LEVEL",DRY,NO DEFECTS
CENTER TURN LANE,"CURVE, LEVEL",UNKNOWN,NO DEFECTS
CENTER TURN LANE,"CURVE, LEVEL",UNKNOWN,UNKNOWN
CENTER TURN LANE,"CURVE, LEVEL",WET,NO DEFECTS
CENTER TURN LANE,STRAIGHT AND LEVEL,DRY,DEBRIS ON ROADWAY
CENTER TURN LANE,STRAIGHT AND LEVEL,DRY,NO DEFECTS
CENTER TURN LANE,STRAIGHT AND LEVEL,DRY,OTHER
CENTER TURN LANE,STRAIGHT AND LEVEL,DRY,"RUT, HOLES"
CENTER TURN LANE,STRAIGHT AND LEVEL,DRY,SHOULDER DEFECT
CENTER TURN LANE,STRAIGHT AND LEVEL,DRY,UNKNOWN
CENTER TURN LANE,STRAIGHT AND LEVEL,DRY,WORN SURFACE
CENTER TURN LANE,STRAIGHT AND LEVEL,ICE,NO DEFECTS
CENTER TURN LANE,STRAIGHT AND LEVEL,ICE,"RUT, HOLES"
CENTER TURN LANE,STRAIGHT AND LEVEL,ICE,UNKNOWN
CENTER TURN LANE,STRAIGHT AND LEVEL,OTHER,NO DEFECTS
CENTER TURN LANE,STRAIGHT AND LEVEL,OTHER,UNKNOWN
CENTER TURN LANE,STRAIGHT AND LEVEL,OTHER,WORN SURFACE
CENTER TURN LANE,STRAIGHT AND LEVEL,SNOW OR SLUSH,DEBRIS ON ROADWAY
CENTER TURN LANE,STRAIGHT AND LEVEL,SNOW OR SLUSH,NO DEFECTS
CENTER TURN LANE,STRAIGHT AND LEVEL,SNOW OR SLUSH,OTHER
CENTER TURN LANE,STRAIGHT AND LEVEL,SNOW OR SLUSH,"RUT, HOLES"
CENTER TURN LANE,STRAIGHT AND LEVEL,SNOW OR SLUSH,UNKNOWN
CENTER TURN LANE,STRAIGHT AND LEVEL,UNKNOWN,NO DEFECTS
CENTER TURN LANE,STRAIGHT AND LEVEL,UNKNOWN,"RUT, HOLES"
CENTER TURN LANE,STRAIGHT AND LEVEL,UNKNOWN,UNKNOWN
CENTER TURN LANE,STRAIGHT AND LEVEL,WET,NO DEFECTS
CENTER TURN LANE,STRAIGHT AND LEVEL,WET,OTHER
CENTER TURN LANE,STRAIGHT AND LEVEL,WET,"RUT, HOLES"
CENTER TURN LANE,STRAIGHT AND LEVEL,WET,UNKNOWN
CENTER TURN LANE,STRAIGHT AND LEVEL,WET,WORN SURFACE
CENTER TURN LANE,STRAIGHT ON GRADE,DRY,NO DEFECTS
CENTER TURN LANE,STRAIGHT ON GRADE,DRY,UNKNOWN
CENTER TURN LANE,STRAIGHT ON GRADE,DRY,WORN SURFACE
CENTER TURN LANE,STRAIGHT ON GRADE,ICE,NO DEFECTS
CENTER TURN LANE,STRAIGHT ON GRADE,SNOW OR SLUSH,UNKNOWN
CENTER TURN LANE,STRAIGHT ON GRADE,UNKNOWN,UNKNOWN
CENTER TURN LANE,STRAIGHT ON GRADE,WET,NO DEFECTS
CENTER TURN LANE,STRAIGHT ON GRADE,WET,UNKNOWN
CENTER TURN LANE,STRAIGHT ON HILLCREST,DRY,NO DEFECTS
CENTER TURN LANE,STRAIGHT ON HILLCREST,SNOW OR SLUSH,NO DEFECTS
CENTER TURN LANE,STRAIGHT ON HILLCREST,UNKNOWN,UNKNOWN
CENTER TURN LANE,STRAIGHT ON HILLCREST,WET,NO DEFECTS
CENTER TURN LANE,STRAIGHT ON HILLCREST,WET,UNKNOWN
DIVIDED - W/MEDIAN (NOT RAISED),CURVE ON GRADE,DRY,NO DEFECTS
DIVIDED - W/MEDIAN (NOT RAISED),CURVE ON GRADE,ICE,NO DEFECTS
DIVIDED - W/MEDIAN (NOT RAISED),CURVE ON GRADE,SNOW OR SLUSH,NO DEFECTS
DIVIDED - W/MEDIAN (NOT RAISED),CURVE ON GRADE,UNKNOWN,UNKNOWN
DIVIDED - W/MEDIAN (NOT RAISED),CURVE ON GRADE,WET,NO DEFECTS
DIVIDED - W/MEDIAN (NOT RAISED),CURVE ON GRADE,WET,UNKNOWN
DIVIDED - W/MEDIAN (NOT RAISED),CURVE ON HILLCREST,DRY,NO DEFECTS
DIVIDED - W/MEDIAN (NOT RAISED),CURVE ON HILLCREST,DRY,UNKNOWN
DIVIDED - W/MEDIAN (NOT RAISED),CURVE ON HILLCREST,DRY,WORN SURFACE
DIVIDED - W/MEDIAN (NOT RAISED),CURVE ON HILLCREST,ICE,UNKNOWN
DIVIDED - W/MEDIAN (NOT RAISED),CURVE ON HILLCREST,SNOW OR SLUSH,NO DEFECTS
DIVIDED - W/MEDIAN (NOT RAISED),CURVE ON HILLCREST,WET,NO DEFECTS
DIVIDED - W/MEDIAN (NOT RAISED),"CURVE, LEVEL",DRY,NO DEFECTS
DIVIDED - W/MEDIAN (NOT RAISED),"CURVE, LEVEL",DRY,UNKNOWN
DIVIDED - W/MEDIAN (NOT RAISED),"CURVE, LEVEL",DRY,WORN SURFACE
DIVIDED - W/MEDIAN (NOT RAISED),"CURVE, LEVEL",ICE,NO DEFECTS
DIVIDED - W/MEDIAN (NOT RAISED),"CURVE, LEVEL",SNOW OR SLUSH,NO DEFECTS
DIVIDED - W/MEDIAN (NOT RAISED),"CURVE, LEVEL",SNOW OR SLUSH,UNKNOWN
DIVIDED - W/MEDIAN (NOT RAISED),"CURVE, LEVEL",UNKNOWN,NO DEFECTS
DIVIDED - W/MEDIAN (NOT RAISED),"CURVE, LEVEL",UNKNOWN,UNKNOWN
DIVIDED - W/MEDIAN (NOT RAISED),"CURVE, LEVEL",WET,NO DEFECTS
DIVIDED - W/MEDIAN (NOT RAISED),"CURVE, LEVEL",WET,OTHER
DIVIDED - W/MEDIAN (NOT RAISED),"CURVE, LEVEL",WET,UNKNOWN
DIVIDED - W/MEDIAN (NOT RAISED),STRAIGHT AND LEVEL,DRY,DEBRIS ON ROADWAY
DIVIDED - W/MEDIAN (NOT RAISED),STRAIGHT AND LEVEL,DRY,NO DEFECTS
DIVIDED - W/MEDIAN (NOT RAISED),STRAIGHT AND LEVEL,DRY,OTHER
DIVIDED - W/MEDIAN (NOT RAISED),STRAIGHT AND LEVEL,DRY,"RUT, HOLES"
DIVIDED - W/MEDIAN (NOT RAISED),STRAIGHT AND LEVEL,DRY,SHOULDER DEFECT
DIVIDED - W/MEDIAN (NOT RAISED),STRAIGHT AND LEVEL,DRY,UNKNOWN
DIVIDED - W/MEDIAN (NOT RAISED),STRAIGHT AND LEVEL,DRY,WORN SURFACE
DIVIDED - W/MEDIAN (NOT RAISED),STRAIGHT AND LEVEL,ICE,NO DEFECTS
DIVIDED - W/MEDIAN (NOT RAISED),STRAIGHT AND LEVEL,ICE,OTHER
DIVIDED - W/MEDIAN (NOT RAISED),STRAIGHT AND LEVEL,ICE,"RUT, HOLES"
DIVIDED - W/MEDIAN (NOT RAISED),STRAIGHT AND LEVEL,ICE,UNKNOWN
DIVIDED - W/MEDIAN (NOT RAISED),STRAIGHT AND LEVEL,ICE,WORN SURFACE
DIVIDED - W/MEDIAN (NOT RAISED),STRAIGHT AND LEVEL,OTHER,DEBRIS ON ROADWAY
DIVIDED - W/MEDIAN (NOT RAISED),STRAIGHT AND LEVEL,OTHER,NO DEFECTS
DIVIDED - W/MEDIAN (NOT RAISED),STRAIGHT AND LEVEL,OTHER,OTHER
DIVIDED - W/MEDIAN (NOT RAISED),STRAIGHT AND LEVEL,OTHER,"RUT, HOLES"
DIVIDED - W/MEDIAN (NOT RAISED),STRAIGHT AND LEVEL,OTHER,UNKNOWN
DIVIDED - W/MEDIAN (NOT RAISED),STRAIGHT AND LEVEL,OTHER,WORN SURFACE
DIVIDED - W/MEDIAN (NOT RAISED),STRAIGHT AND LEVEL,"SAND, MUD, DIRT",NO DEFECTS
DIVIDED - W/MEDIAN (NOT RAISED),STRAIGHT AND LEVEL,"SAND, MUD, DIRT",OTHER
DIVIDED - W/MEDIAN (NOT RAISED),STRAIGHT AND LEVEL,"SAND, MUD, DIRT","RUT, HOLES"
DIVIDED - W/MEDIAN (NOT RAISED),STRAIGHT AND LEVEL,SNOW OR SLUSH,DEBRIS ON ROADWAY
DIVIDED - W/MEDIAN (NOT RAISED),STRAIGHT AND LEVEL,SNOW OR SLUSH,NO DEFECTS
DIVIDED - W/MEDIAN (NOT RAISED),STRAIGHT AND LEVEL,SNOW OR SLUSH,OTHER
DIVIDED - W/MEDIAN (NOT RAISED),STRAIGHT AND LEVEL,SNOW OR SLUSH,"RUT, HOLES"
DIVIDED - W/MEDIAN (NOT RAISED),STRAIGHT AND LEVEL,SNOW OR SLUSH,SHOULDER DEFECT
DIVIDED - W/MEDIAN (NOT RAISED),STRAIGHT AND LEVEL,SNOW OR SLUSH,UNKNOWN
DIVIDED - W/MEDIAN (NOT RAISED),STRAIGHT AND LEVEL,SNOW OR SLUSH,WORN SURFACE
DIVIDED - W/MEDIAN (NOT RAISED),STRAIGHT AND LEVEL,UNKNOWN,NO DEFECTS
DIVIDED - W/MEDIAN (NOT RAISED),STRAIGHT AND LEVEL,UNKNOWN,OTHER
DIVIDED - W/MEDIAN (NOT RAISED),STRAIGHT AND LEVEL,UNKNOWN,"RUT, HOLES"
DIVIDED - W/MEDIAN (NOT RAISED),STRAIGHT AND LEVEL,UNKNOWN,UNKNOWN
DIVIDED - W/MEDIAN (NOT RAISED),STRAIGHT AND LEVEL,UNKNOWN,WORN SURFACE
DIVIDED - W/MEDIAN (NOT RAISED),STRAIGHT AND LEVEL,WET,DEBRIS ON ROADWAY
DIVIDED - W/MEDIAN (NOT RAISED),STRAIGHT AND LEVEL,WET,NO DEFECTS
DIVIDED - W/MEDIAN (NOT RAISED),STRAIGHT AND LEVEL,WET,OTHER
DIVIDED - W/MEDIAN (NOT RAISED),STRAIGHT AND LEVEL,WET,"RUT, HOLES"
DIVIDED - W/MEDIAN (NOT RAISED),STRAIGHT AND LEVEL,WET,SHOULDER DEFECT
DIVIDED - W/MEDIAN (NOT RAISED),STRAIGHT AND LEVEL,WET,UNKNOWN
DIVIDED - W/MEDIAN (NOT RAISED),STRAIGHT AND LEVEL,WET,WORN SURFACE
DIVIDED - W/MEDIAN (NOT RAISED),STRAIGHT ON GRADE,DRY,NO DEFECTS
DIVIDED - W/MEDIAN (NOT RAISED),STRAIGHT ON GRADE,DRY,OTHER
DIVIDED - W/MEDIAN (NOT RAISED),STRAIGHT ON GRADE,DRY,"RUT, HOLES"
DIVIDED - W/MEDIAN (NOT RAISED),STRAIGHT ON GRADE,DRY,SHOULDER DEFECT
DIVIDED - W/MEDIAN (NOT RAISED),STRAIGHT ON GRADE,DRY,UNKNOWN
DIVIDED - W/MEDIAN (NOT RAISED),STRAIGHT ON GRADE,DRY,WORN SURFACE
DIVIDED - W/MEDIAN (NOT RAISED),STRAIGHT ON GRADE,ICE,NO DEFECTS
DIVIDED - W/MEDIAN (NOT RAISED),STRAIGHT ON GRADE,SNOW OR SLUSH,NO DEFECTS
DIVIDED - W/MEDIAN (NOT RAISED),STRAIGHT ON GRADE,SNOW OR SLUSH,UNKNOWN
DIVIDED - W/MEDIAN (NOT RAISED),STRAIGHT ON GRADE,UNKNOWN,NO DEFECTS
DIVIDED - W/MEDIAN (NOT RAISED),STRAIGHT ON GRADE,UNKNOWN,UNKNOWN
DIVIDED - W/MEDIAN (NOT RAISED),STRAIGHT ON GRADE,WET,NO DEFECTS
DIVIDED - W/MEDIAN (NOT RAISED),STRAIGHT ON GRADE,WET,OTHER
DIVIDED - W/MEDIAN (NOT RAISED),STRAIGHT ON GRADE,WET,"RUT, HOLES"
DIVIDED - W/MEDIAN (NOT RAISED),STRAIGHT ON GRADE,WET,UNKNOWN
DIVIDED - W/MEDIAN (NOT RAISED),STRAIGHT ON GRADE,WET,WORN SURFACE
DIVIDED - W/MEDIAN (NOT RAISED),STRAIGHT ON HILLCREST,DRY,NO DEFECTS
DIVIDED - W/MEDIAN (NOT RAISED),STRAIGHT ON HILLCREST,DRY,OTHER
DIVIDED - W/MEDIAN (NOT RAISED),STRAIGHT ON HILLCREST,DRY,UNKNOWN
DIVIDED - W/MEDIAN (NOT RAISED),STRAIGHT ON HILLCREST,SNOW OR SLUSH,NO DEFECTS
DIVIDED - W/MEDIAN (NOT RAISED),STRAIGHT ON HILLCREST,SNOW OR SLUSH,OTHER
DIVIDED - W/MEDIAN (NOT RAISED),STRAIGHT ON HILLCREST,UNKNOWN,UNKNOWN
DIVIDED - W/MEDIAN (NOT RAISED),STRAIGHT ON HILLCREST,WET,NO DEFECTS
DIVIDED - W/MEDIAN BARRIER,CURVE ON GRADE,DRY,NO DEFECTS
DIVIDED - W/MEDIAN BARRIER,CURVE ON GRADE,DRY,UNKNOWN
DIVIDED - W/MEDIAN BARRIER,CURVE ON GRADE,DRY,WORN SURFACE
DIVIDED - W/MEDIAN BARRIER,CURVE ON GRADE,ICE,NO DEFECTS
DIVIDED - W/MEDIAN BARRIER,CURVE ON GRADE,OTHER,NO DEFECTS
DIVIDED - W/MEDIAN BARRIER,CURVE ON GRADE,SNOW OR SLUSH,UNKNOWN
DIVIDED - W/MEDIAN BARRIER,CURVE ON GRADE,UNKNOWN,NO DEFECTS
DIVIDED - W/MEDIAN BARRIER,CURVE ON GRADE,UNKNOWN,UNKNOWN
DIVIDED - W/MEDIAN BARRIER,CURVE ON GRADE,WET,NO DEFECTS
DIVIDED - W/MEDIAN BARRIER,CURVE ON GRADE,WET,UNKNOWN
DIVIDED - W/MEDIAN BARRIER,CURVE ON HILLCREST,DRY,NO DEFECTS
DIVIDED - W/MEDIAN BARRIER,CURVE ON HILLCREST,DRY,UNKNOWN
DIVIDED - W/MEDIAN BARRIER,CURVE ON HILLCREST,WET,NO DEFECTS
DIVIDED - W/MEDIAN BARRIER,"CURVE, LEVEL",DRY,NO DEFECTS
DIVIDED - W/MEDIAN BARRIER,"CURVE, LEVEL",DRY,OTHER
DIVIDED - W/MEDIAN BARRIER,"CURVE, LEVEL",DRY,UNKNOWN
DIVIDED - W/MEDIAN BARRIER,"CURVE, LEVEL",DRY,WORN SURFACE
DIVIDED - W/MEDIAN BARRIER,"CURVE, LEVEL",ICE,NO DEFECTS
DIVIDED - W/MEDIAN BARRIER,"CURVE, LEVEL",ICE,OTHER
DIVIDED - W/MEDIAN BARRIER,"CURVE, LEVEL",OTHER,NO DEFECTS
DIVIDED - W/MEDIAN BARRIER,"CURVE, LEVEL",SNOW OR SLUSH,NO DEFECTS
DIVIDED - W/MEDIAN BARRIER,"CURVE, LEVEL",SNOW OR SLUSH,UNKNOWN
DIVIDED - W/MEDIAN BARRIER,"CURVE, LEVEL",UNKNOWN,NO DEFECTS
DIVIDED - W/MEDIAN BARRIER,"CURVE, LEVEL",UNKNOWN,UNKNOWN
DIVIDED - W/MEDIAN BARRIER,"CURVE, LEVEL",WET,NO DEFECTS
DIVIDED - W/MEDIAN BARRIER,"CURVE, LEVEL",WET,UNKNOWN
DIVIDED - W/MEDIAN BARRIER,"CURVE, LEVEL",WET,WORN SURFACE
DIVIDED - W/MEDIAN BARRIER,STRAIGHT AND LEVEL,DRY,DEBRIS ON ROADWAY
DIVIDED - W/MEDIAN BARRIER,STRAIGHT AND LEVEL,DRY,NO DEFECTS
DIVIDED - W/MEDIAN BARRIER,STRAIGHT AND LEVEL,DRY,OTHER
DIVIDED - W/MEDIAN BARRIER,STRAIGHT AND LEVEL,DRY,"RUT, HOLES"
DIVIDED - W/MEDIAN BARRIER,STRAIGHT AND LEVEL,DRY,SHOULDER DEFECT
DIVIDED - W/MEDIAN BARRIER,STRAIGHT AND LEVEL,DRY,UNKNOWN
DIVIDED - W/MEDIAN BARRIER,STRAIGHT AND LEVEL,DRY,WORN SURFACE
DIVIDED - W/MEDIAN BARRIER,STRAIGHT AND LEVEL,ICE,NO DEFECTS
DIVIDED - W/MEDIAN BARRIER,STRAIGHT AND LEVEL,ICE,OTHER
DIVIDED - W/MEDIAN BARRIER,STRAIGHT AND LEVEL,ICE,"RUT, HOLES"
DIVIDED - W/MEDIAN BARRIER,STRAIGHT AND LEVEL,ICE,UNKNOWN
DIVIDED - W/MEDIAN BARRIER,STRAIGHT AND LEVEL,ICE,WORN SURFACE
DIVIDED - W/MEDIAN BARRIER,STRAIGHT AND LEVEL,OTHER,DEBRIS ON ROADWAY
DIVIDED - W/MEDIAN BARRIER,STRAIGHT AND LEVEL,OTHER,NO DEFECTS
DIVIDED - W/MEDIAN BARRIER,STRAIGHT AND LEVEL,OTHER,OTHER
DIVIDED - W/MEDIAN BARRIER,STRAIGHT AND LEVEL,OTHER,"RUT, HOLES"
DIVIDED - W/MEDIAN BARRIER,STRAIGHT AND LEVEL,OTHER,UNKNOWN
DIVIDED - W/MEDIAN BARRIER,STRAIGHT AND LEVEL,SNOW OR SLUSH,DEBRIS ON ROADWAY
DIVIDED - W/MEDIAN BARRIER,STRAIGHT AND LEVEL,SNOW OR SLUSH,NO DEFECTS
DIVIDED - W/MEDIAN BARRIER,STRAIGHT AND LEVEL,SNOW OR SLUSH,OTHER
DIVIDED - W/MEDIAN BARRIER,STRAIGHT AND LEVEL,SNOW OR SLUSH,"RUT, HOLES"
DIVIDED - W/MEDIAN BARRIER,STRAIGHT AND LEVEL,SNOW OR SLUSH,SHOULDER DEFECT
DIVIDED - W/MEDIAN BARRIER,STRAIGHT AND LEVEL,SNOW OR SLUSH,UNKNOWN
DIVIDED - W/MEDIAN BARRIER,STRAIGHT AND LEVEL,SNOW OR SLUSH,WORN SURFACE
DIVIDED - W/MEDIAN BARRIER,STRAIGHT AND LEVEL,UNKNOWN,NO DEFECTS
DIVIDED - W/MEDIAN BARRIER,STRAIGHT AND LEVEL,UNKNOWN,OTHER
DIVIDED - W/MEDIAN BARRIER,STRAIGHT AND LEVEL,UNKNOWN,"RUT, HOLES"
DIVIDED - W/MEDIAN BARRIER,STRAIGHT AND LEVEL,UNKNOWN,UNKNOWN
DIVIDED - W/MEDIAN BARRIER,STRAIGHT AND LEVEL,UNKNOWN,WORN SURFACE
DIVIDED - W/MEDIAN BARRIER,STRAIGHT AND LEVEL,WET,DEBRIS ON ROADWAY
DIVIDED - W/MEDIAN BARRIER,STRAIGHT AND LEVEL,WET,NO DEFECTS
DIVIDED - W/MEDIAN BARRIER,STRAIGHT AND LEVEL,WET,OTHER
DIVIDED - W/MEDIAN BARRIER,STRAIGHT AND LEVEL,WET,"RUT, HOLES"
DIVIDED - W/MEDIAN BARRIER,STRAIGHT AND LEVEL,WET,SHOULDER DEFECT
DIVIDED - W/MEDIAN BARRIER,STRAIGHT AND LEVEL,WET,UNKNOWN
DIVIDED - W/MEDIAN BARRIER,STRAIGHT AND LEVEL,WET,WORN SURFACE
DIVIDED - W/MEDIAN BARRIER,STRAIGHT ON GRADE,DRY,NO DEFECTS
DIVIDED - W/MEDIAN BARRIER,STRAIGHT ON GRADE,DRY,OTHER
DIVIDED - W/MEDIAN BARRIER,STRAIGHT ON GRADE,DRY,"RUT, HOLES"
DIVIDED - W/MEDIAN BARRIER,STRAIGHT ON GRADE,DRY,SHOULDER DEFECT
DIVIDED - W/MEDIAN BARRIER,STRAIGHT ON GRADE,DRY,UNKNOWN
DIVIDED - W/MEDIAN BARRIER,STRAIGHT ON GRADE,DRY,WORN SURFACE
DIVIDED - W/MEDIAN BARRIER,STRAIGHT ON GRADE,ICE,NO DEFECTS
DIVIDED - W/MEDIAN BARRIER,STRAIGHT ON GRADE,ICE,UNKNOWN
DIVIDED - W/MEDIAN BARRIER,STRAIGHT ON GRADE,OTHER,OTHER
DIVIDED - W/MEDIAN BARRIER,STRAIGHT ON GRADE,OTHER,UNKNOWN
DIVIDED - W/MEDIAN BARRIER,STRAIGHT ON GRADE,SNOW OR SLUSH,NO DEFECTS
DIVIDED - W/MEDIAN BARRIER,STRAIGHT ON GRADE,SNOW OR SLUSH,UNKNOWN
DIVIDED - W/MEDIAN BARRIER,STRAIGHT ON GRADE,UNKNOWN,NO DEFECTS
DIVIDED - W/MEDIAN BARRIER,STRAIGHT ON GRADE,UNKNOWN,UNKNOWN
DIVIDED - W/MEDIAN BARRIER,STRAIGHT ON GRADE,WET,NO DEFECTS
DIVIDED - W/MEDIAN BARRIER,STRAIGHT ON GRADE,WET,OTHER
DIVIDED - W/MEDIAN BARRIER,STRAIGHT ON GRADE,WET,"RUT, HOLES"
DIVIDED - W/MEDIAN BARRIER,STRAIGHT ON GRADE,WET,UNKNOWN
DIVIDED - W/MEDIAN BARRIER,STRAIGHT ON GRADE,WET,WORN SURFACE
DIVIDED - W/MEDIAN BARRIER,STRAIGHT ON HILLCREST,DRY,NO DEFECTS
DIVIDED - W/MEDIAN BARRIER,STRAIGHT ON HILLCREST,DRY,OTHER
DIVIDED - W/MEDIAN BARRIER,STRAIGHT ON HILLCREST,DRY,UNKNOWN
DIVIDED - W/MEDIAN BARRIER,STRAIGHT ON HILLCREST,DRY,WORN SURFACE
DIVIDED - W/MEDIAN BARRIER,STRAIGHT ON HILLCREST,SNOW OR SLUSH,NO DEFECTS
DIVIDED - W/MEDIAN BARRIER,STRAIGHT ON HILLCREST,SNOW OR SLUSH,UNKNOWN
DIVIDED - W/MEDIAN BARRIER,STRAIGHT ON HILLCREST,UNKNOWN,NO DEFECTS
DIVIDED - W/MEDIAN BARRIER,STRAIGHT ON HILLCREST,UNKNOWN,UNKNOWN
DIVIDED - W/MEDIAN BARRIER,STRAIGHT ON HILLCREST,WET,NO DEFECTS
DIVIDED - W/MEDIAN BARRIER,STRAIGHT ON HILLCREST,WET,UNKNOWN
DRIVEWAY,CURVE ON GRADE,DRY,NO DEFECTS
DRIVEWAY,CURVE ON HILLCREST,DRY,NO DEFECTS
DRIVEWAY,"CURVE, LEVEL",DRY,NO DEFECTS
DRIVEWAY,STRAIGHT AND LEVEL,DRY,NO DEFECTS
DRIVEWAY,STRAIGHT AND LEVEL,DRY,UNKNOWN
DRIVEWAY,STRAIGHT AND LEVEL,SNOW OR SLUSH,NO DEFECTS
DRIVEWAY,STRAIGHT AND LEVEL,UNKNOWN,NO DEFECTS
DRIVEWAY,STRAIGHT AND LEVEL,UNKNOWN,UNKNOWN
DRIVEWAY,STRAIGHT AND LEVEL,WET,NO DEFECTS
DRIVEWAY,STRAIGHT ON GRADE,DRY,NO DEFECTS
DRIVEWAY,STRAIGHT ON GRADE,DRY,OTHER
DRIVEWAY,STRAIGHT ON GRADE,DRY,SHOULDER DEFECT
DRIVEWAY,STRAIGHT ON GRADE,SNOW OR SLUSH,NO DEFECTS
DRIVEWAY,STRAIGHT ON GRADE,UNKNOWN,UNKNOWN
DRIVEWAY,STRAIGHT ON HILLCREST,DRY,NO DEFECTS
"FIVE POINT, OR MORE","CURVE, LEVEL",DRY,NO DEFECTS
"FIVE POINT, OR MORE","CURVE, LEVEL",DRY,UNKNOWN
"FIVE POINT, OR MORE",STRAIGHT AND LEVEL,DRY,NO DEFECTS
"FIVE POINT, OR MORE",STRAIGHT AND LEVEL,DRY,OTHER
"FIVE POINT, OR MORE",STRAIGHT AND LEVEL,DRY,"RUT, HOLES"
"FIVE POINT, OR MORE",STRAIGHT AND LEVEL,DRY,SHOULDER DEFECT
"FIVE POINT, OR MORE",STRAIGHT AND LEVEL,DRY,UNKNOWN
"FIVE POINT, OR MORE",STRAIGHT AND LEVEL,DRY,WORN SURFACE
"FIVE POINT, OR MORE",STRAIGHT AND LEVEL,ICE,UNKNOWN
"FIVE POINT, OR MORE",STRAIGHT AND LEVEL,OTHER,UNKNOWN
"FIVE POINT, OR MORE",STRAIGHT AND LEVEL,SNOW OR SLUSH,NO DEFECTS
"FIVE POINT, OR MORE",STRAIGHT AND LEVEL,SNOW OR SLUSH,UNKNOWN
"FIVE POINT, OR MORE",STRAIGHT AND LEVEL,UNKNOWN,NO DEFECTS
"FIVE POINT, OR MORE",STRAIGHT AND LEVEL,UNKNOWN,OTHER
"FIVE POINT, OR MORE",STRAIGHT AND LEVEL,UNKNOWN,UNKNOWN
"FIVE POINT, OR MORE",STRAIGHT AND LEVEL,WET,NO DEFECTS
"FIVE POINT, OR MORE",STRAIGHT AND LEVEL,WET,OTHER
"FIVE POINT, OR MORE",STRAIGHT AND LEVEL,WET,UNKNOWN
"FIVE POINT, OR MORE",STRAIGHT ON GRADE,DRY,NO DEFECTS
"FIVE POINT, OR MORE",STRAIGHT ON GRADE,DRY,UNKNOWN
"FIVE POINT, OR MORE",STRAIGHT ON GRADE,ICE,NO DEFECTS
"FIVE POINT, OR MORE",STRAIGHT ON GRADE,SNOW OR SLUSH,NO DEFECTS
"FIVE POINT, OR MORE",STRAIGHT ON GRADE,WET,UNKNOWN
"FIVE POINT, OR MORE",STRAIGHT ON HILLCREST,DRY,NO DEFECTS
FOUR WAY,CURVE ON GRADE,DRY,DEBRIS ON ROADWAY
FOUR WAY,CURVE ON GRADE,DRY,NO DEFECTS
FOUR WAY,CURVE ON GRADE,DRY,"RUT, HOLES"
FOUR WAY,CURVE ON GRADE,DRY,UNKNOWN
FOUR WAY,CURVE ON GRADE,UNKNOWN,UNKNOWN
FOUR WAY,CURVE ON GRADE,WET,NO DEFECTS
FOUR WAY,CURVE ON HILLCREST,DRY,NO DEFECTS
FOUR WAY,CURVE ON HILLCREST,ICE,UNKNOWN
FOUR WAY,CURVE ON HILLCREST,WET,NO DEFECTS
FOUR WAY,"CURVE, LEVEL",DRY,NO DEFECTS
FOUR WAY,"CURVE, LEVEL",DRY,"RUT, HOLES"
FOUR WAY,"CURVE, LEVEL",DRY,UNKNOWN
FOUR WAY,"CURVE, LEVEL",DRY,WORN SURFACE
FOUR WAY,"CURVE, LEVEL",UNKNOWN,UNKNOWN
FOUR WAY,"CURVE, LEVEL",WET,NO DEFECTS
FOUR WAY,"CURVE, LEVEL",WET,UNKNOWN
FOUR WAY,"CURVE, LEVEL",WET,WORN SURFACE
FOUR WAY,STRAIGHT AND LEVEL,DRY,DEBRIS ON ROADWAY
FOUR WAY,STRAIGHT AND LEVEL,DRY,NO DEFECTS
FOUR WAY,STRAIGHT AND LEVEL,DRY,OTHER
FOUR WAY,STRAIGHT AND LEVEL,DRY,"RUT, HOLES"
FOUR WAY,STRAIGHT AND LEVEL,DRY,SHOULDER DEFECT
FOUR WAY,STRAIGHT AND LEVEL,DRY,UNKNOWN
FOUR WAY,STRAIGHT AND LEVEL,DRY,WORN SURFACE
FOUR WAY,STRAIGHT AND LEVEL,ICE,NO DEFECTS
FOUR WAY,STRAIGHT AND LEVEL,ICE,OTHER
FOUR WAY,STRAIGHT AND LEVEL,ICE,UNKNOWN
FOUR WAY,STRAIGHT AND LEVEL,ICE,WORN SURFACE
FOUR WAY,STRAIGHT AND LEVEL,OTHER,DEBRIS ON ROADWAY
FOUR WAY,STRAIGHT AND LEVEL,OTHER,NO DEFECTS
FOUR WAY,STRAIGHT AND LEVEL,OTHER,OTHER
FOUR WAY,STRAIGHT AND LEVEL,OTHER,"RUT, HOLES"
FOUR WAY,STRAIGHT AND LEVEL,OTHER,UNKNOWN
FOUR WAY,STRAIGHT AND LEVEL,OTHER,WORN SURFACE
FOUR WAY,STRAIGHT AND LEVEL,"SAND, MUD, DIRT",DEBRIS ON ROADWAY
FOUR WAY,STRAIGHT AND LEVEL,"SAND, MUD, DIRT",UNKNOWN
FOUR WAY,STRAIGHT AND LEVEL,SNOW OR SLUSH,DEBRIS ON ROADWAY
FOUR WAY,STRAIGHT AND LEVEL,SNOW OR SLUSH,NO DEFECTS
FOUR WAY,STRAIGHT AND LEVEL,SNOW OR SLUSH,OTHER
FOUR WAY,STRAIGHT AND LEVEL,SNOW OR SLUSH,"RUT, HOLES"
FOUR WAY,STRAIGHT AND LEVEL,SNOW OR SLUSH,SHOULDER DEFECT
FOUR WAY,STRAIGHT AND LEVEL,SNOW OR SLUSH,UNKNOWN
FOUR WAY,STRAIGHT AND LEVEL,SNOW OR SLUSH,WORN SURFACE
FOUR WAY,STRAIGHT AND LEVEL,UNKNOWN,DEBRIS ON ROADWAY
FOUR WAY,STRAIGHT AND LEVEL,UNKNOWN,NO DEFECTS
FOUR WAY,STRAIGHT AND LEVEL,UNKNOWN,OTHER
FOUR WAY,STRAIGHT AND LEVEL,UNKNOWN,"RUT, HOLES"
FOUR WAY,STRAIGHT AND LEVEL,UNKNOWN,UNKNOWN
FOUR WAY,STRAIGHT AND LEVEL,UNKNOWN,WORN SURFACE
FOUR WAY,STRAIGHT AND LEVEL,WET,DEBRIS ON ROADWAY
FOUR WAY,STRAIGHT AND LEVEL,WET,NO DEFECTS
FOUR WAY,STRAIGHT AND LEVEL,WET,OTHER
FOUR WAY,STRAIGHT AND LEVEL,WET,"RUT, HOLES"
FOUR WAY,STRAIGHT AND LEVEL,WET,SHOULDER DEFECT
FOUR WAY,STRAIGHT AND LEVEL,WET,UNKNOWN
FOUR WAY,STRAIGHT AND LEVEL,WET,WORN SURFACE
FOUR WAY,STRAIGHT ON GRADE,DRY,NO DEFECTS
FOUR WAY,STRAIGHT ON GRADE,DRY,OTHER
FOUR WAY,STRAIGHT ON GRADE,DRY,"RUT, HOLES"
FOUR WAY,STRAIGHT ON GRADE,DRY,SHOULDER DEFECT
FOUR WAY,STRAIGHT ON GRADE,DRY,UNKNOWN
FOUR WAY,STRAIGHT ON GRADE,DRY,WORN SURFACE
FOUR WAY,STRAIGHT ON GRADE,ICE,NO DEFECTS
FOUR WAY,STRAIGHT ON GRADE,ICE,UNKNOWN
FOUR WAY,STRAIGHT ON GRADE,ICE,WORN SURFACE
FOUR WAY,STRAIGHT ON GRADE,OTHER,NO DEFECTS
FOUR WAY,STRAIGHT ON GRADE,OTHER,UNKNOWN
FOUR WAY,STRAIGHT ON GRADE,SNOW OR SLUSH,NO DEFECTS
FOUR WAY,STRAIGHT ON GRADE,SNOW OR SLUSH,OTHER
FOUR WAY,STRAIGHT ON GRADE,SNOW OR SLUSH,UNKNOWN
FOUR WAY,STRAIGHT ON GRADE,SNOW OR SLUSH,WORN SURFACE
FOUR WAY,STRAIGHT ON GRADE,UNKNOWN,NO DEFECTS
FOUR WAY,STRAIGHT ON GRADE,UNKNOWN,UNKNOWN
FOUR WAY,STRAIGHT ON GRADE,UNKNOWN,WORN SURFACE
FOUR WAY,STRAIGHT ON GRADE,WET,NO DEFECTS
FOUR WAY,STRAIGHT ON GRADE,WET,OTHER
FOUR WAY,STRAIGHT ON GRADE,WET,UNKNOWN
FOUR WAY,STRAIGHT ON GRADE,WET,WORN SURFACE
FOUR WAY,STRAIGHT ON HILLCREST,DRY,NO DEFECTS
FOUR WAY,STRAIGHT ON HILLCREST,DRY,UNKNOWN
FOUR WAY,STRAIGHT ON HILLCREST,ICE,NO DEFECTS
FOUR WAY,STRAIGHT ON HILLCREST,SNOW OR SLUSH,NO DEFECTS
FOUR WAY,STRAIGHT ON HILLCREST,SNOW OR SLUSH,UNKNOWN
FOUR WAY,STRAIGHT ON HILLCREST,WET,NO DEFECTS
FOUR WAY,STRAIGHT ON HILLCREST,WET,UNKNOWN
L-INTERSECTION,CURVE ON GRADE,SNOW OR SLUSH,NO DEFECTS
L-INTERSECTION,CURVE ON GRADE,WET,NO DEFECTS
L-INTERSECTION,"CURVE, LEVEL",DRY,NO DEFECTS
L-INTERSECTION,"CURVE, LEVEL",DRY,OTHER
L-INTERSECTION,STRAIGHT AND LEVEL,DRY,DEBRIS ON ROADWAY
L-INTERSECTION,STRAIGHT AND LEVEL,DRY,NO DEFECTS
L-INTERSECTION,STRAIGHT AND LEVEL,DRY,SHOULDER DEFECT
L-INTERSECTION,STRAIGHT AND LEVEL,DRY,UNKNOWN
L-INTERSECTION,STRAIGHT AND LEVEL,ICE,NO DEFECTS
L-INTERSECTION,STRAIGHT AND LEVEL,SNOW OR SLUSH,NO DEFECTS
L-INTERSECTION,STRAIGHT AND LEVEL,SNOW OR SLUSH,UNKNOWN
L-INTERSECTION,STRAIGHT AND LEVEL,UNKNOWN,UNKNOWN
L-INTERSECTION,STRAIGHT AND LEVEL,WET,NO DEFECTS
L-INTERSECTION,STRAIGHT AND LEVEL,WET,UNKNOWN
L-INTERSECTION,STRAIGHT ON GRADE,DRY,NO DEFECTS
L-INTERSECTION,STRAIGHT ON GRADE,DRY,SHOULDER DEFECT
L-INTERSECTION,STRAIGHT ON GRADE,DRY,UNKNOWN
L-INTERSECTION,STRAIGHT ON GRADE,DRY,WORN SURFACE
L-INTERSECTION,STRAIGHT ON GRADE,SNOW OR SLUSH,NO DEFECTS
NOT DIVIDED,CURVE ON GRADE,DRY,NO DEFECTS
NOT DIVIDED,CURVE ON GRADE,DRY,"RUT, HOLES"
NOT DIVIDED,CURVE ON GRADE,DRY,UNKNOWN
NOT DIVIDED,CURVE ON GRADE,DRY,WORN SURFACE
NOT DIVIDED,CURVE ON GRADE,ICE,NO DEFECTS
NOT DIVIDED,CURVE ON GRADE,ICE,WORN SURFACE
NOT DIVIDED,CURVE ON GRADE,"SAND, MUD, DIRT",DEBRIS ON ROADWAY
NOT DIVIDED,CURVE ON GRADE,SNOW OR SLUSH,UNKNOWN
NOT DIVIDED,CURVE ON GRADE,UNKNOWN,OTHER
NOT DIVIDED,CURVE ON GRADE,UNKNOWN,UNKNOWN
NOT DIVIDED,CURVE ON GRADE,WET,NO DEFECTS
NOT DIVIDED,CURVE ON GRADE,WET,"RUT, HOLES"
NOT DIVIDED,CURVE ON GRADE,WET,SHOULDER DEFECT
NOT DIVIDED,CURVE ON GRADE,WET,UNKNOWN
NOT DIVIDED,CURVE ON GRADE,WET,WORN SURFACE
NOT DIVIDED,CURVE ON HILLCREST,DRY,NO DEFECTS
NOT DIVIDED,CURVE ON HILLCREST,DRY,"RUT, HOLES"
NOT DIVIDED,CURVE ON HILLCREST,"SAND, MUD, DIRT",WORN SURFACE
NOT DIVIDED,CURVE ON HILLCREST,SNOW OR SLUSH,NO DEFECTS
NOT DIVIDED,CURVE ON HILLCREST,WET,NO DEFECTS
NOT DIVIDED,"CURVE, LEVEL",DRY,DEBRIS ON ROADWAY
NOT DIVIDED,"CURVE, LEVEL",DRY,NO DEFECTS
NOT DIVIDED,"CURVE, LEVEL",DRY,OTHER
NOT DIVIDED,"CURVE, LEVEL",DRY,"RUT, HOLES"
NOT DIVIDED,"CURVE, LEVEL",DRY,UNKNOWN
NOT DIVIDED,"CURVE, LEVEL",DRY,WORN SURFACE
NOT DIVIDED,"CURVE, LEVEL",ICE,OTHER
NOT DIVIDED,"CURVE, LEVEL",ICE,UNKNOWN
NOT DIVIDED,"CURVE, LEVEL",SNOW OR SLUSH,NO DEFECTS
NOT DIVIDED,"CURVE, LEVEL",SNOW OR SLUSH,UNKNOWN
NOT DIVIDED,"CURVE, LEVEL",SNOW OR SLUSH,WORN SURFACE
NOT DIVIDED,"CURVE, LEVEL",UNKNOWN,UNKNOWN
NOT DIVIDED,"CURVE, LEVEL",WET,DEBRIS ON ROADWAY
NOT DIVIDED,"CURVE, LEVEL",WET,NO DEFECTS
NOT DIVIDED,"CURVE, LEVEL",WET,"RUT, HOLES"
NOT DIVIDED,"CURVE, LEVEL",WET,SHOULDER DEFECT
NOT DIVIDED,"CURVE, LEVEL",WET,UNKNOWN
NOT DIVIDED,"CURVE, LEVEL",WET,WORN SURFACE
NOT DIVIDED,STRAIGHT AND LEVEL,DRY,DEBRIS ON ROADWAY
NOT DIVIDED,STRAIGHT AND LEVEL,DRY,NO DEFECTS
NOT DIVIDED,STRAIGHT AND LEVEL,DRY,OTHER
NOT DIVIDED,STRAIGHT AND LEVEL,DRY,"RUT, HOLES"
NOT DIVIDED,STRAIGHT AND LEVEL,DRY,SHOULDER DEFECT
NOT DIVIDED,STRAIGHT AND LEVEL,DRY,UNKNOWN
NOT DIVIDED,STRAIGHT AND LEVEL,DRY,WORN SURFACE
NOT DIVIDED,STRAIGHT AND LEVEL,ICE,NO DEFECTS
NOT DIVIDED,STRAIGHT AND LEVEL,ICE,OTHER
NOT DIVIDED,STRAIGHT AND LEVEL,ICE,"RUT, HOLES"
NOT DIVIDED,STRAIGHT AND LEVEL,ICE,SHOULDER DEFECT
NOT DIVIDED,STRAIGHT AND LEVEL,ICE,UNKNOWN
NOT DIVIDED,STRAIGHT AND LEVEL,ICE,WORN SURFACE
NOT DIVIDED,STRAIGHT AND LEVEL,OTHER,DEBRIS ON ROADWAY
NOT DIVIDED,STRAIGHT AND LEVEL,OTHER,NO DEFECTS
NOT DIVIDED,STRAIGHT AND LEVEL,OTHER,OTHER
NOT DIVIDED,STRAIGHT AND LEVEL,OTHER,"RUT, HOLES"
NOT DIVIDED,STRAIGHT AND LEVEL,OTHER,SHOULDER DEFECT
NOT DIVIDED,STRAIGHT AND LEVEL,OTHER,UNKNOWN
NOT DIVIDED,STRAIGHT AND LEVEL,OTHER,WORN SURFACE
NOT DIVIDED,STRAIGHT AND LEVEL,"SAND, MUD, DIRT",DEBRIS ON ROADWAY
NOT DIVIDED,STRAIGHT AND LEVEL,"SAND, MUD, DIRT",NO DEFECTS
NOT DIVIDED,STRAIGHT AND LEVEL,"SAND, MUD, DIRT",OTHER
NOT DIVIDED,STRAIGHT AND LEVEL,"SAND, MUD, DIRT","RUT, HOLES"
NOT DIVIDED,STRAIGHT AND LEVEL,"SAND, MUD, DIRT",UNKNOWN
NOT DIVIDED,STRAIGHT AND LEVEL,SNOW OR SLUSH,DEBRIS ON ROADWAY
NOT DIVIDED,STRAIGHT AND LEVEL,SNOW OR SLUSH,NO DEFECTS
NOT DIVIDED,STRAIGHT AND LEVEL,SNOW OR SLUSH,OTHER
NOT DIVIDED,STRAIGHT AND LEVEL,SNOW OR SLUSH,"RUT, HOLES"
NOT DIVIDED,STRAIGHT AND LEVEL,SNOW OR SLUSH,SHOULDER DEFECT
NOT DIVIDED,STRAIGHT AND LEVEL,SNOW OR SLUSH,UNKNOWN
NOT DIVIDED,STRAIGHT AND LEVEL,SNOW OR SLUSH,WORN SURFACE
NOT DIVIDED,STRAIGHT AND LEVEL,UNKNOWN,DEBRIS ON ROADWAY
NOT DIVIDED,STRAIGHT AND LEVEL,UNKNOWN,NO DEFECTS
NOT DIVIDED,STRAIGHT AND LEVEL,UNKNOWN,OTHER
NOT DIVIDED,STRAIGHT AND LEVEL,UNKNOWN,"RUT, HOLES"
NOT DIVIDED,STRAIGHT AND LEVEL,UNKNOWN,SHOULDER DEFECT
NOT DIVIDED,STRAIGHT AND LEVEL,UNKNOWN,UNKNOWN
NOT DIVIDED,STRAIGHT AND LEVEL,UNKNOWN,WORN SURFACE
NOT DIVIDED,STRAIGHT AND LEVEL,WET,DEBRIS ON ROADWAY
NOT DIVIDED,STRAIGHT AND LEVEL,WET,NO DEFECTS
NOT DIVIDED,STRAIGHT AND LEVEL,WET,OTHER
NOT DIVIDED,STRAIGHT AND LEVEL,WET,"RUT, HOLES"
NOT DIVIDED,STRAIGHT AND LEVEL,WET,SHOULDER DEFECT
NOT DIVIDED,STRAIGHT AND LEVEL,WET,UNKNOWN
NOT DIVIDED,STRAIGHT AND LEVEL,WET,WORN SURFACE
NOT DIVIDED,STRAIGHT ON GRADE,DRY,DEBRIS ON ROADWAY
NOT DIVIDED,STRAIGHT ON GRADE,DRY,NO DEFECTS
NOT DIVIDED,STRAIGHT ON GRADE,DRY,OTHER
NOT DIVIDED,STRAIGHT ON GRADE,DRY,"RUT, HOLES"
NOT DIVIDED,STRAIGHT ON GRADE,DRY,SHOULDER DEFECT
NOT DIVIDED,STRAIGHT ON GRADE,DRY,UNKNOWN
NOT DIVIDED,STRAIGHT ON GRADE,DRY,WORN SURFACE
NOT DIVIDED,STRAIGHT ON GRADE,ICE,NO DEFECTS
NOT DIVIDED,STRAIGHT ON GRADE,ICE,UNKNOWN
NOT DIVIDED,STRAIGHT ON GRADE,ICE,WORN SURFACE
NOT DIVIDED,STRAIGHT ON GRADE,OTHER,DEBRIS ON ROADWAY
NOT DIVIDED,STRAIGHT ON GRADE,OTHER,OTHER
NOT DIVIDED,STRAIGHT ON GRADE,OTHER,WORN SURFACE
NOT DIVIDED,STRAIGHT ON GRADE,SNOW OR SLUSH,NO DEFECTS
NOT DIVIDED,STRAIGHT ON GRADE,SNOW OR SLUSH,"RUT, HOLES"
NOT DIVIDED,STRAIGHT ON GRADE,SNOW OR SLUSH,SHOULDER DEFECT
NOT DIVIDED,STRAIGHT ON GRADE,SNOW OR SLUSH,UNKNOWN
NOT DIVIDED,STRAIGHT ON GRADE,UNKNOWN,NO DEFECTS
NOT DIVIDED,STRAIGHT ON GRADE,UNKNOWN,UNKNOWN
NOT DIVIDED,STRAIGHT ON GRADE,WET,NO DEFECTS
NOT DIVIDED,STRAIGHT ON GRADE,WET,OTHER
NOT DIVIDED,STRAIGHT ON GRADE,WET,"RUT, HOLES"
NOT DIVIDED,STRAIGHT ON GRADE,WET,SHOULDER DEFECT
NOT DIVIDED,STRAIGHT ON GRADE,WET,UNKNOWN
NOT DIVIDED,STRAIGHT ON GRADE,WET,WORN SURFACE
NOT DIVIDED,STRAIGHT ON HILLCREST,DRY,NO DEFECTS
NOT DIVIDED,STRAIGHT ON HILLCREST,DRY,"RUT, HOLES"
NOT DIVIDED,STRAIGHT ON HILLCREST,DRY,UNKNOWN
NOT DIVIDED,STRAIGHT ON HILLCREST,DRY,WORN SURFACE
NOT DIVIDED,STRAIGHT ON HILLCREST,ICE,NO DEFECTS
NOT DIVIDED,STRAIGHT ON HILLCREST,ICE,UNKNOWN
NOT DIVIDED,STRAIGHT ON HILLCREST,SNOW OR SLUSH,NO DEFECTS
NOT DIVIDED,STRAIGHT ON HILLCREST,SNOW OR SLUSH,UNKNOWN
NOT DIVIDED,STRAIGHT ON HILLCREST,SNOW OR SLUSH,WORN SURFACE
NOT DIVIDED,STRAIGHT ON HILLCREST,UNKNOWN,NO DEFECTS
NOT DIVIDED,STRAIGHT ON HILLCREST,UNKNOWN,UNKNOWN
NOT DIVIDED,STRAIGHT ON HILLCREST,WET,NO DEFECTS
NOT DIVIDED,STRAIGHT ON HILLCREST,WET,"RUT, HOLES"
NOT DIVIDED,STRAIGHT ON HILLCREST,WET,UNKNOWN
NOT REPORTED,"CURVE, LEVEL",DRY,NO DEFECTS
NOT REPORTED,STRAIGHT AND LEVEL,DRY,DEBRIS ON ROADWAY
NOT REPORTED,STRAIGHT AND LEVEL,DRY,NO DEFECTS
NOT REPORTED,STRAIGHT AND LEVEL,DRY,"RUT, HOLES"
NOT REPORTED,STRAIGHT AND LEVEL,DRY,UNKNOWN
NOT REPORTED,STRAIGHT AND LEVEL,DRY,WORN SURFACE
NOT REPORTED,STRAIGHT AND LEVEL,ICE,NO DEFECTS
NOT REPORTED,STRAIGHT AND LEVEL,ICE,OTHER
NOT REPORTED,STRAIGHT AND LEVEL,ICE,UNKNOWN
NOT REPORTED,STRAIGHT AND LEVEL,OTHER,NO DEFECTS
NOT REPORTED,STRAIGHT AND LEVEL,OTHER,OTHER
NOT REPORTED,STRAIGHT AND LEVEL,SNOW OR SLUSH,NO DEFECTS
NOT REPORTED,STRAIGHT AND LEVEL,SNOW OR SLUSH,UNKNOWN
NOT REPORTED,STRAIGHT AND LEVEL,UNKNOWN,NO DEFECTS
NOT REPORTED,STRAIGHT AND LEVEL,UNKNOWN,UNKNOWN
NOT REPORTED,STRAIGHT AND LEVEL,WET,NO DEFECTS
NOT REPORTED,STRAIGHT AND LEVEL,WET,UNKNOWN
NOT REPORTED,STRAIGHT ON GRADE,DRY,NO DEFECTS
NOT REPORTED,STRAIGHT ON GRADE,DRY,UNKNOWN
NOT REPORTED,STRAIGHT ON GRADE,WET,NO DEFECTS
NOT REPORTED,STRAIGHT ON HILLCREST,DRY,NO DEFECTS
ONE-WAY,CURVE ON GRADE,DRY,NO DEFECTS
ONE-WAY,CURVE ON GRADE,WET,NO DEFECTS
ONE-WAY,CURVE ON HILLCREST,DRY,NO DEFECTS
ONE-WAY,"CURVE, LEVEL",DRY,DEBRIS ON ROADWAY
ONE-WAY,"CURVE, LEVEL",DRY,NO DEFECTS
ONE-WAY,"CURVE, LEVEL",DRY,OTHER
ONE-WAY,"CURVE, LEVEL",DRY,UNKNOWN
ONE-WAY,"CURVE, LEVEL",DRY,WORN SURFACE
ONE-WAY,"CURVE, LEVEL",SNOW OR SLUSH,NO DEFECTS
ONE-WAY,"CURVE, LEVEL",UNKNOWN,NO DEFECTS
ONE-WAY,"CURVE, LEVEL",UNKNOWN,UNKNOWN
ONE-WAY,"CURVE, LEVEL",WET,NO DEFECTS
ONE-WAY,"CURVE, LEVEL",WET,UNKNOWN
ONE-WAY,STRAIGHT AND LEVEL,DRY,DEBRIS ON ROADWAY
ONE-WAY,STRAIGHT AND LEVEL,DRY,NO DEFECTS
ONE-WAY,STRAIGHT AND LEVEL,DRY,OTHER
ONE-WAY,STRAIGHT AND LEVEL,DRY,"RUT, HOLES"
ONE-WAY,STRAIGHT AND LEVEL,DRY,SHOULDER DEFECT
ONE-WAY,STRAIGHT AND LEVEL,DRY,UNKNOWN
ONE-WAY,STRAIGHT AND LEVEL,DRY,WORN SURFACE
ONE-WAY,STRAIGHT AND LEVEL,ICE,NO DEFECTS
ONE-WAY,STRAIGHT AND LEVEL,ICE,OTHER
ONE-WAY,STRAIGHT AND LEVEL,ICE,"RUT, HOLES"
ONE-WAY,STRAIGHT AND LEVEL,ICE,UNKNOWN
ONE-WAY,STRAIGHT AND LEVEL,ICE,WORN SURFACE
ONE-WAY,STRAIGHT AND LEVEL,OTHER,DEBRIS ON ROADWAY
ONE-WAY,STRAIGHT AND LEVEL,OTHER,NO DEFECTS
ONE-WAY,STRAIGHT AND LEVEL,OTHER,OTHER
ONE-WAY,STRAIGHT AND LEVEL,OTHER,"RUT, HOLES"
ONE-WAY,STRAIGHT AND LEVEL,OTHER,UNKNOWN
ONE-WAY,STRAIGHT AND LEVEL,OTHER,WORN SURFACE
ONE-WAY,STRAIGHT AND LEVEL,"SAND, MUD, DIRT",DEBRIS ON ROADWAY
ONE-WAY,STRAIGHT AND LEVEL,"SAND, MUD, DIRT",OTHER
ONE-WAY,STRAIGHT AND LEVEL,"SAND, MUD, DIRT",UNKNOWN
ONE-WAY,STRAIGHT AND LEVEL,SNOW OR SLUSH,NO DEFECTS
ONE-WAY,STRAIGHT AND LEVEL,SNOW OR SLUSH,OTHER
ONE-WAY,STRAIGHT AND LEVEL,SNOW OR SLUSH,"RUT, HOLES"
ONE-WAY,STRAIGHT AND LEVEL,SNOW OR SLUSH,UNKNOWN
ONE-WAY,STRAIGHT AND LEVEL,SNOW OR SLUSH,WORN SURFACE
ONE-WAY,STRAIGHT AND LEVEL,UNKNOWN,NO DEFECTS
ONE-WAY,STRAIGHT AND LEVEL,UNKNOWN,OTHER
ONE-WAY,STRAIGHT AND LEVEL,UNKNOWN,UNKNOWN
ONE-WAY,STRAIGHT AND LEVEL,UNKNOWN,WORN SURFACE
ONE-WAY,STRAIGHT AND LEVEL,WET,DEBRIS ON ROADWAY
ONE-WAY,STRAIGHT AND LEVEL,WET,NO DEFECTS
ONE-WAY,STRAIGHT AND LEVEL,WET,OTHER
ONE-WAY,STRAIGHT AND LEVEL,WET,"RUT, HOLES"
ONE-WAY,STRAIGHT AND LEVEL,WET,SHOULDER DEFECT
ONE-WAY,STRAIGHT AND LEVEL,WET,UNKNOWN
ONE-WAY,STRAIGHT AND LEVEL,WET,WORN SURFACE
ONE-WAY,STRAIGHT ON GRADE,DRY,NO DEFECTS
ONE-WAY,STRAIGHT ON GRADE,DRY,OTHER
ONE-WAY,STRAIGHT ON GRADE,DRY,"RUT, HOLES"
ONE-WAY,STRAIGHT ON GRADE,DRY,UNKNOWN
ONE-WAY,STRAIGHT ON GRADE,DRY,WORN SURFACE
ONE-WAY,STRAIGHT ON GRADE,ICE,NO DEFECTS
ONE-WAY,STRAIGHT ON GRADE,ICE,UNKNOWN
ONE-WAY,STRAIGHT ON GRADE,SNOW OR SLUSH,NO DEFECTS
ONE-WAY,STRAIGHT ON GRADE,SNOW OR SLUSH,UNKNOWN
ONE-WAY,STRAIGHT ON GRADE,UNKNOWN,NO DEFECTS
ONE-WAY,STRAIGHT ON GRADE,UNKNOWN,UNKNOWN
ONE-WAY,STRAIGHT ON GRADE,WET,NO DEFECTS
ONE-WAY,STRAIGHT ON GRADE,WET,"RUT, HOLES"
ONE-WAY,STRAIGHT ON GRADE,WET,UNKNOWN
ONE-WAY,STRAIGHT ON HILLCREST,DRY,NO DEFECTS
ONE-WAY,STRAIGHT ON HILLCREST,DRY,"RUT, HOLES"
ONE-WAY,STRAIGHT ON HILLCREST,DRY,UNKNOWN
ONE-WAY,STRAIGHT ON HILLCREST,ICE,NO DEFECTS
ONE-WAY,STRAIGHT ON HILLCREST,SNOW OR SLUSH,NO DEFECTS
ONE-WAY,STRAIGHT ON HILLCREST,UNKNOWN,UNKNOWN
ONE-WAY,STRAIGHT ON HILLCREST,WET,NO DEFECTS
ONE-WAY,STRAIGHT ON HILLCREST,WET,UNKNOWN
ONE-WAY,STRAIGHT ON HILLCREST,WET,WORN SURFACE
OTHER,CURVE ON GRADE,DRY,NO DEFECTS
OTHER,CURVE ON GRADE,DRY,UNKNOWN
OTHER,CURVE ON GRADE,SNOW OR SLUSH,NO DEFECTS
OTHER,CURVE ON GRADE,WET,NO DEFECTS
OTHER,CURVE ON HILLCREST,DRY,NO DEFECTS
OTHER,"CURVE, LEVEL",DRY,NO DEFECTS
OTHER,"CURVE, LEVEL",DRY,UNKNOWN
OTHER,"CURVE, LEVEL","SAND, MUD, DIRT",NO DEFECTS
OTHER,"CURVE, LEVEL",SNOW OR SLUSH,NO DEFECTS
OTHER,"CURVE, LEVEL",WET,NO DEFECTS
OTHER,"CURVE, LEVEL",WET,SHOULDER DEFECT
OTHER,"CURVE, LEVEL",WET,UNKNOWN
OTHER,STRAIGHT AND LEVEL,DRY,DEBRIS ON ROADWAY
OTHER,STRAIGHT AND LEVEL,DRY,NO DEFECTS
OTHER,STRAIGHT AND LEVEL,DRY,OTHER
OTHER,STRAIGHT AND LEVEL,DRY,"RUT, HOLES"
OTHER,STRAIGHT AND LEVEL,DRY,SHOULDER DEFECT
OTHER,STRAIGHT AND LEVEL,DRY,UNKNOWN
OTHER,STRAIGHT AND LEVEL,DRY,WORN SURFACE
OTHER,STRAIGHT AND LEVEL,ICE,NO DEFECTS
OTHER,STRAIGHT AND LEVEL,ICE,OTHER
OTHER,STRAIGHT AND LEVEL,ICE,UNKNOWN
OTHER,STRAIGHT AND LEVEL,OTHER,NO DEFECTS
OTHER,STRAIGHT AND LEVEL,OTHER,OTHER
OTHER,STRAIGHT AND LEVEL,OTHER,"RUT, HOLES"
OTHER,STRAIGHT AND LEVEL,OTHER,UNKNOWN
OTHER,STRAIGHT AND LEVEL,"SAND, MUD, DIRT",DEBRIS ON ROADWAY
OTHER,STRAIGHT AND LEVEL,"SAND, MUD, DIRT",NO DEFECTS
OTHER,STRAIGHT AND LEVEL,"SAND, MUD, DIRT",OTHER
OTHER,STRAIGHT AND LEVEL,SNOW OR SLUSH,NO DEFECTS
OTHER,STRAIGHT AND LEVEL,SNOW OR SLUSH,OTHER
OTHER,STRAIGHT AND LEVEL,SNOW OR SLUSH,"RUT, HOLES"
OTHER,STRAIGHT AND LEVEL,SNOW OR SLUSH,UNKNOWN
OTHER,STRAIGHT AND LEVEL,UNKNOWN,NO DEFECTS
OTHER,STRAIGHT AND LEVEL,UNKNOWN,OTHER
OTHER,STRAIGHT AND LEVEL,UNKNOWN,UNKNOWN
OTHER,STRAIGHT AND LEVEL,WET,NO DEFECTS
OTHER,STRAIGHT AND LEVEL,WET,OTHER
OTHER,STRAIGHT AND LEVEL,WET,"RUT, HOLES"
OTHER,STRAIGHT AND LEVEL,WET,SHOULDER DEFECT
OTHER,STRAIGHT AND LEVEL,WET,UNKNOWN
OTHER,STRAIGHT AND LEVEL,WET,WORN SURFACE
OTHER,STRAIGHT ON GRADE,DRY,NO DEFECTS
OTHER,STRAIGHT ON GRADE,DRY,OTHER
OTHER,STRAIGHT ON GRADE,DRY,SHOULDER DEFECT
OTHER,STRAIGHT ON GRADE,DRY,UNKNOWN
OTHER,STRAIGHT ON GRADE,"SAND, MUD, DIRT","RUT, HOLES"
OTHER,STRAIGHT ON GRADE,SNOW OR SLUSH,NO DEFECTS
OTHER,STRAIGHT ON GRADE,SNOW OR SLUSH,UNKNOWN
OTHER,STRAIGHT ON GRADE,UNKNOWN,NO DEFECTS
OTHER,STRAIGHT ON GRADE,UNKNOWN,UNKNOWN
OTHER,STRAIGHT ON GRADE,WET,NO DEFECTS
OTHER,STRAIGHT ON GRADE,WET,WORN SURFACE
OTHER,STRAIGHT ON HILLCREST,DRY,NO DEFECTS
OTHER,STRAIGHT ON HILLCREST,DRY,UNKNOWN
OTHER,STRAIGHT ON HILLCREST,DRY,WORN SURFACE
OTHER,STRAIGHT ON HILLCREST,"SAND, MUD, DIRT",DEBRIS ON ROADWAY
OTHER,STRAIGHT ON HILLCREST,WET,WORN SURFACE
PARKING LOT,CURVE ON GRADE,DRY,NO DEFECTS
PARKING LOT,CURVE ON GRADE,DRY,OTHER
PARKING LOT,CURVE ON GRADE,UNKNOWN,UNKNOWN
PARKING LOT,CURVE ON HILLCREST,WET,NO DEFECTS
PARKING LOT,"CURVE, LEVEL",DRY,NO DEFECTS
PARKING LOT,STRAIGHT AND LEVEL,DRY,NO DEFECTS
PARKING LOT,STRAIGHT AND LEVEL,DRY,SHOULDER DEFECT
PARKING LOT,STRAIGHT AND LEVEL,DRY,UNKNOWN
PARKING LOT,STRAIGHT AND LEVEL,ICE,UNKNOWN
PARKING LOT,STRAIGHT AND LEVEL,OTHER,UNKNOWN
PARKING LOT,STRAIGHT AND LEVEL,"SAND, MUD, DIRT",OTHER
PARKING LOT,STRAIGHT AND LEVEL,SNOW OR SLUSH,NO DEFECTS
PARKING LOT,STRAIGHT AND LEVEL,SNOW OR SLUSH,UNKNOWN
PARKING LOT,STRAIGHT AND LEVEL,UNKNOWN,NO DEFECTS
PARKING LOT,STRAIGHT AND LEVEL,UNKNOWN,UNKNOWN
PARKING LOT,STRAIGHT AND LEVEL,WET,NO DEFECTS
PARKING LOT,STRAIGHT AND LEVEL,WET,OTHER
PARKING LOT,STRAIGHT AND LEVEL,WET,UNKNOWN
PARKING LOT,STRAIGHT AND LEVEL,WET,WORN SURFACE
PARKING LOT,STRAIGHT ON GRADE,DRY,NO DEFECTS
PARKING LOT,STRAIGHT ON GRADE,DRY,UNKNOWN
PARKING LOT,STRAIGHT ON GRADE,WET,NO DEFECTS
PARKING LOT,STRAIGHT ON HILLCREST,WET,NO DEFECTS
RAMP,CURVE ON GRADE,DRY,NO DEFECTS
RAMP,CURVE ON GRADE,DRY,UNKNOWN
RAMP,CURVE ON GRADE,DRY,WORN SURFACE
RAMP,CURVE ON GRADE,ICE,NO DEFECTS
RAMP,CURVE ON GRADE,SNOW OR SLUSH,NO DEFECTS
RAMP,CURVE ON GRADE,UNKNOWN,UNKNOWN
RAMP,CURVE ON GRADE,WET,NO DEFECTS
RAMP,CURVE ON GRADE,WET,UNKNOWN
RAMP,CURVE ON HILLCREST,DRY,NO DEFECTS
RAMP,CURVE ON HILLCREST,SNOW OR SLUSH,NO DEFECTS
RAMP,"CURVE, LEVEL",DRY,NO DEFECTS
RAMP,"CURVE, LEVEL",DRY,UNKNOWN
RAMP,"CURVE, LEVEL",ICE,UNKNOWN
RAMP,"CURVE, LEVEL",WET,UNKNOWN
RAMP,STRAIGHT AND LEVEL,DRY,NO DEFECTS
RAMP,STRAIGHT AND LEVEL,DRY,OTHER
RAMP,STRAIGHT AND LEVEL,DRY,"RUT, HOLES"
RAMP,STRAIGHT AND LEVEL,DRY,UNKNOWN
RAMP,STRAIGHT AND LEVEL,DRY,WORN SURFACE
RAMP,STRAIGHT AND LEVEL,ICE,NO DEFECTS
RAMP,STRAIGHT AND LEVEL,OTHER,NO DEFECTS
RAMP,STRAIGHT AND LEVEL,SNOW OR SLUSH,NO DEFECTS
RAMP,STRAIGHT AND LEVEL,SNOW OR SLUSH,UNKNOWN
RAMP,STRAIGHT AND LEVEL,UNKNOWN,NO DEFECTS
RAMP,STRAIGHT AND LEVEL,UNKNOWN,UNKNOWN
RAMP,STRAIGHT AND LEVEL,WET,NO DEFECTS
RAMP,STRAIGHT AND LEVEL,WET,OTHER
RAMP,STRAIGHT AND LEVEL,WET,UNKNOWN
RAMP,STRAIGHT ON GRADE,DRY,NO DEFECTS
RAMP,STRAIGHT ON GRADE,DRY,UNKNOWN
RAMP,STRAIGHT ON GRADE,SNOW OR SLUSH,NO DEFECTS
RAMP,STRAIGHT ON GRADE,UNKNOWN,UNKNOWN
RAMP,STRAIGHT ON GRADE,WET,NO DEFECTS
RAMP,STRAIGHT ON GRADE,WET,UNKNOWN
RAMP,STRAIGHT ON HILLCREST,DRY,NO DEFECTS
RAMP,STRAIGHT ON HILLCREST,DRY,UNKNOWN
RAMP,STRAIGHT ON HILLCREST,UNKNOWN,UNKNOWN
RAMP,STRAIGHT ON HILLCREST,WET,NO DEFECTS
ROUNDABOUT,CURVE ON GRADE,DRY,NO DEFECTS
ROUNDABOUT,"CURVE, LEVEL",DRY,NO DEFECTS
ROUNDABOUT,"CURVE, LEVEL",DRY,"RUT, HOLES"
ROUNDABOUT,"CURVE, LEVEL",DRY,WORN SURFACE
ROUNDABOUT,"CURVE, LEVEL",WET,NO DEFECTS
ROUNDABOUT,STRAIGHT AND LEVEL,DRY,NO DEFECTS
ROUNDABOUT,STRAIGHT AND LEVEL,DRY,OTHER
ROUNDABOUT,STRAIGHT AND LEVEL,DRY,"RUT, HOLES"
ROUNDABOUT,STRAIGHT AND LEVEL,DRY,SHOULDER DEFECT
ROUNDABOUT,STRAIGHT AND LEVEL,DRY,UNKNOWN
ROUNDABOUT,STRAIGHT AND LEVEL,DRY,WORN SURFACE
ROUNDABOUT,STRAIGHT AND LEVEL,ICE,NO DEFECTS
ROUNDABOUT,STRAIGHT AND LEVEL,SNOW OR SLUSH,NO DEFECTS
ROUNDABOUT,STRAIGHT AND LEVEL,SNOW OR SLUSH,UNKNOWN
ROUNDABOUT,STRAIGHT AND LEVEL,UNKNOWN,NO DEFECTS
ROUNDABOUT,STRAIGHT AND LEVEL,UNKNOWN,UNKNOWN
ROUNDABOUT,STRAIGHT AND LEVEL,WET,NO DEFECTS
ROUNDABOUT,STRAIGHT AND LEVEL,WET,UNKNOWN
ROUNDABOUT,STRAIGHT ON GRADE,DRY,NO DEFECTS
T-INTERSECTION,CURVE ON GRADE,DRY,NO DEFECTS
T-INTERSECTION,CURVE ON GRADE,WET,UNKNOWN
T-INTERSECTION,"CURVE, LEVEL",DRY,NO DEFECTS
T-INTERSECTION,"CURVE, LEVEL",DRY,UNKNOWN
T-INTERSECTION,"CURVE, LEVEL",DRY,WORN SURFACE
T-INTERSECTION,"CURVE, LEVEL",ICE,NO DEFECTS
T-INTERSECTION,"CURVE, LEVEL",SNOW OR SLUSH,NO DEFECTS
T-INTERSECTION,"CURVE, LEVEL",SNOW OR SLUSH,UNKNOWN
T-INTERSECTION,"CURVE, LEVEL",UNKNOWN,UNKNOWN
T-INTERSECTION,"CURVE, LEVEL",WET,NO DEFECTS
T-INTERSECTION,"CURVE, LEVEL",WET,OTHER
T-INTERSECTION,"CURVE, LEVEL",WET,SHOULDER DEFECT
T-INTERSECTION,"CURVE, LEVEL",WET,UNKNOWN
T-INTERSECTION,STRAIGHT AND LEVEL,DRY,DEBRIS ON ROADWAY
T-INTERSECTION,STRAIGHT AND LEVEL,DRY,NO DEFECTS
T-INTERSECTION,STRAIGHT AND LEVEL,DRY,OTHER
T-INTERSECTION,STRAIGHT AND LEVEL,DRY,"RUT, HOLES"
T-INTERSECTION,STRAIGHT AND LEVEL,DRY,SHOULDER DEFECT
T-INTERSECTION,STRAIGHT AND LEVEL,DRY,UNKNOWN
T-INTERSECTION,STRAIGHT AND LEVEL,DRY,WORN SURFACE
T-INTERSECTION,STRAIGHT AND LEVEL,ICE,NO DEFECTS
T-INTERSECTION,STRAIGHT AND LEVEL,ICE,OTHER
T-INTERSECTION,STRAIGHT AND LEVEL,ICE,UNKNOWN
T-INTERSECTION,STRAIGHT AND LEVEL,OTHER,NO DEFECTS
T-INTERSECTION,STRAIGHT AND LEVEL,OTHER,OTHER
T-INTERSECTION,STRAIGHT AND LEVEL,OTHER,"RUT, HOLES"
T-INTERSECTION,STRAIGHT AND LEVEL,OTHER,UNKNOWN
T-INTERSECTION,STRAIGHT AND LEVEL,SNOW OR SLUSH,NO DEFECTS
T-INTERSECTION,STRAIGHT AND LEVEL,SNOW OR SLUSH,OTHER
T-INTERSECTION,STRAIGHT AND LEVEL,SNOW OR SLUSH,UNKNOWN
T-INTERSECTION,STRAIGHT AND LEVEL,SNOW OR SLUSH,WORN SURFACE
T-INTERSECTION,STRAIGHT AND LEVEL,UNKNOWN,NO DEFECTS
T-INTERSECTION,STRAIGHT AND LEVEL,UNKNOWN,OTHER
T-INTERSECTION,STRAIGHT AND LEVEL,UNKNOWN,UNKNOWN
T-INTERSECTION,STRAIGHT AND LEVEL,UNKNOWN,WORN SURFACE
T-INTERSECTION,STRAIGHT AND LEVEL,WET,NO DEFECTS
T-INTERSECTION,STRAIGHT AND LEVEL,WET,OTHER
T-INTERSECTION,STRAIGHT AND LEVEL,WET,"RUT, HOLES"
T-INTERSECTION,STRAIGHT AND LEVEL,WET,SHOULDER DEFECT
T-INTERSECTION,STRAIGHT AND LEVEL,WET,UNKNOWN
T-INTERSECTION,STRAIGHT AND LEVEL,WET,WORN SURFACE
T-INTERSECTION,STRAIGHT ON GRADE,DRY,DEBRIS ON ROADWAY
T-INTERSECTION,STRAIGHT ON GRADE,DRY,NO DEFECTS
T-INTERSECTION,STRAIGHT ON GRADE,DRY,OTHER
T-INTERSECTION,STRAIGHT ON GRADE,DRY,UNKNOWN
T-INTERSECTION,STRAIGHT ON GRADE,ICE,UNKNOWN
T-INTERSECTION,STRAIGHT ON GRADE,SNOW OR SLUSH,NO DEFECTS
T-INTERSECTION,STRAIGHT ON GRADE,SNOW OR SLUSH,UNKNOWN
T-INTERSECTION,STRAIGHT ON GRADE,UNKNOWN,UNKNOWN
T-INTERSECTION,STRAIGHT ON GRADE,WET,NO DEFECTS
T-INTERSECTION,STRAIGHT ON GRADE,WET,SHOULDER DEFECT
T-INTERSECTION,STRAIGHT ON GRADE,WET,UNKNOWN
T-INTERSECTION,STRAIGHT ON HILLCREST,DRY,NO DEFECTS
T-INTERSECTION,STRAIGHT ON HILLCREST,DRY,SHOULDER DEFECT
T-INTERSECTION,STRAIGHT ON HILLCREST,DRY,UNKNOWN
T-INTERSECTION,STRAIGHT ON HILLCREST,DRY,WORN SURFACE
T-INTERSECTION,STRAIGHT ON HILLCREST,ICE,NO DEFECTS
T-INTERSECTION,STRAIGHT ON HILLCREST,UNKNOWN,UNKNOWN
T-INTERSECTION,STRAIGHT ON HILLCREST,WET,NO DEFECTS
T-INTERSECTION,STRAIGHT ON HILLCREST,WET,UNKNOWN
TRAFFIC ROUTE,CURVE ON GRADE,DRY,NO DEFECTS
TRAFFIC ROUTE,"CURVE, LEVEL",DRY,NO DEFECTS
TRAFFIC ROUTE,"CURVE, LEVEL",SNOW OR SLUSH,NO DEFECTS
TRAFFIC ROUTE,"CURVE, LEVEL",UNKNOWN,UNKNOWN
TRAFFIC ROUTE,"CURVE, LEVEL",WET,NO DEFECTS
TRAFFIC ROUTE,STRAIGHT AND LEVEL,DRY,DEBRIS ON ROADWAY
TRAFFIC ROUTE,STRAIGHT AND LEVEL,DRY,NO DEFECTS
TRAFFIC ROUTE,STRAIGHT AND LEVEL,DRY,OTHER
TRAFFIC ROUTE,STRAIGHT AND LEVEL,DRY,"RUT, HOLES"
TRAFFIC ROUTE,STRAIGHT AND LEVEL,DRY,UNKNOWN
TRAFFIC ROUTE,STRAIGHT AND LEVEL,DRY,WORN SURFACE
TRAFFIC ROUTE,STRAIGHT AND LEVEL,ICE,NO DEFECTS
TRAFFIC ROUTE,STRAIGHT AND LEVEL,ICE,UNKNOWN
TRAFFIC ROUTE,STRAIGHT AND LEVEL,OTHER,OTHER
TRAFFIC ROUTE,STRAIGHT AND LEVEL,OTHER,UNKNOWN
TRAFFIC ROUTE,STRAIGHT AND LEVEL,"SAND, MUD, DIRT",UNKNOWN
TRAFFIC ROUTE,STRAIGHT AND LEVEL,SNOW OR SLUSH,NO DEFECTS
TRAFFIC ROUTE,STRAIGHT AND LEVEL,SNOW OR SLUSH,UNKNOWN
TRAFFIC ROUTE,STRAIGHT AND LEVEL,UNKNOWN,NO DEFECTS
TRAFFIC ROUTE,STRAIGHT AND LEVEL,UNKNOWN,UNKNOWN
TRAFFIC ROUTE,STRAIGHT AND LEVEL,WET,NO DEFECTS
TRAFFIC ROUTE,STRAIGHT AND LEVEL,WET,SHOULDER DEFECT
TRAFFIC ROUTE,STRAIGHT AND LEVEL,WET,UNKNOWN
TRAFFIC ROUTE,STRAIGHT AND LEVEL,WET,WORN SURFACE
TRAFFIC ROUTE,STRAIGHT ON GRADE,DRY,NO DEFECTS
TRAFFIC ROUTE,STRAIGHT ON GRADE,DRY,UNKNOWN
TRAFFIC ROUTE,STRAIGHT ON GRADE,ICE,NO DEFECTS
TRAFFIC ROUTE,STRAIGHT ON GRADE,WET,NO DEFECTS
TRAFFIC ROUTE,STRAIGHT ON HILLCREST,WET,NO DEFECTS
UNKNOWN,CURVE ON GRADE,DRY,NO DEFECTS
UNKNOWN,"CURVE, LEVEL",DRY,NO DEFECTS
UNKNOWN,"CURVE, LEVEL",OTHER,NO DEFECTS
UNKNOWN,"CURVE, LEVEL",UNKNOWN,UNKNOWN
UNKNOWN,"CURVE, LEVEL",WET,NO DEFECTS
UNKNOWN,STRAIGHT AND LEVEL,DRY,NO DEFECTS
UNKNOWN,STRAIGHT AND LEVEL,DRY,OTHER
UNKNOWN,STRAIGHT AND LEVEL,DRY,"RUT, HOLES"
UNKNOWN,STRAIGHT AND LEVEL,DRY,UNKNOWN
UNKNOWN,STRAIGHT AND LEVEL,DRY,WORN SURFACE
UNKNOWN,STRAIGHT AND LEVEL,ICE,NO DEFECTS
UNKNOWN,STRAIGHT AND LEVEL,ICE,UNKNOWN
UNKNOWN,STRAIGHT AND LEVEL,OTHER,OTHER
UNKNOWN,STRAIGHT AND LEVEL,OTHER,UNKNOWN
UNKNOWN,STRAIGHT AND LEVEL,SNOW OR SLUSH,NO DEFECTS
UNKNOWN,STRAIGHT AND LEVEL,SNOW OR SLUSH,UNKNOWN
UNKNOWN,STRAIGHT AND LEVEL,UNKNOWN,NO DEFECTS
UNKNOWN,STRAIGHT AND LEVEL,UNKNOWN,"RUT, HOLES"
UNKNOWN,STRAIGHT AND LEVEL,UNKNOWN,UNKNOWN
UNKNOWN,STRAIGHT AND LEVEL,WET,NO DEFECTS
UNKNOWN,STRAIGHT AND LEVEL,WET,UNKNOWN
UNKNOWN,STRAIGHT ON GRADE,DRY,UNKNOWN
UNKNOWN,STRAIGHT ON GRADE,UNKNOWN,UNKNOWN
UNKNOWN,STRAIGHT ON HILLCREST,UNKNOWN,UNKNOWN
UNKNOWN INTERSECTION TYPE,CURVE ON GRADE,DRY,NO DEFECTS
UNKNOWN INTERSECTION TYPE,CURVE ON GRADE,DRY,"RUT, HOLES"
UNKNOWN INTERSECTION TYPE,CURVE ON GRADE,WET,NO DEFECTS
UNKNOWN INTERSECTION TYPE,CURVE ON HILLCREST,DRY,NO DEFECTS
UNKNOWN INTERSECTION TYPE,"CURVE, LEVEL",DRY,NO DEFECTS
UNKNOWN INTERSECTION TYPE,"CURVE, LEVEL",DRY,UNKNOWN
UNKNOWN INTERSECTION TYPE,"CURVE, LEVEL",UNKNOWN,UNKNOWN
UNKNOWN INTERSECTION TYPE,"CURVE, LEVEL",WET,NO DEFECTS
UNKNOWN INTERSECTION TYPE,"CURVE, LEVEL",WET,UNKNOWN
UNKNOWN INTERSECTION TYPE,STRAIGHT AND LEVEL,DRY,NO DEFECTS
UNKNOWN INTERSECTION TYPE,STRAIGHT AND LEVEL,DRY,OTHER
UNKNOWN INTERSECTION TYPE,STRAIGHT AND LEVEL,DRY,"RUT, HOLES"
UNKNOWN INTERSECTION TYPE,STRAIGHT AND LEVEL,DRY,SHOULDER DEFECT
UNKNOWN INTERSECTION TYPE,STRAIGHT AND LEVEL,DRY,UNKNOWN
UNKNOWN INTERSECTION TYPE,STRAIGHT AND LEVEL,DRY,WORN SURFACE
UNKNOWN INTERSECTION TYPE,STRAIGHT AND LEVEL,ICE,NO DEFECTS
UNKNOWN INTERSECTION TYPE,STRAIGHT AND LEVEL,ICE,UNKNOWN
UNKNOWN INTERSECTION TYPE,STRAIGHT AND LEVEL,OTHER,OTHER
UNKNOWN INTERSECTION TYPE,STRAIGHT AND LEVEL,OTHER,UNKNOWN
UNKNOWN INTERSECTION TYPE,STRAIGHT AND LEVEL,SNOW OR SLUSH,NO DEFECTS
UNKNOWN INTERSECTION TYPE,STRAIGHT AND LEVEL,SNOW OR SLUSH,UNKNOWN
UNKNOWN INTERSECTION TYPE,STRAIGHT AND LEVEL,UNKNOWN,NO DEFECTS
UNKNOWN INTERSECTION TYPE,STRAIGHT AND LEVEL,UNKNOWN,"RUT, HOLES"
UNKNOWN INTERSECTION TYPE,STRAIGHT AND LEVEL,UNKNOWN,UNKNOWN
UNKNOWN INTERSECTION TYPE,STRAIGHT AND LEVEL,WET,NO DEFECTS
UNKNOWN INTERSECTION TYPE,STRAIGHT AND LEVEL,WET,OTHER
UNKNOWN INTERSECTION TYPE,STRAIGHT AND LEVEL,WET,UNKNOWN
UNKNOWN INTERSECTION TYPE,STRAIGHT ON GRADE,DRY,NO DEFECTS
UNKNOWN INTERSECTION TYPE,STRAIGHT ON GRADE,DRY,UNKNOWN
UNKNOWN INTERSECTION TYPE,STRAIGHT ON GRADE,UNKNOWN,UNKNOWN
UNKNOWN INTERSECTION TYPE,STRAIGHT ON GRADE,WET,NO DEFECTS
UNKNOWN INTERSECTION TYPE,STRAIGHT ON GRADE,WET,UNKNOWN
UNKNOWN INTERSECTION TYPE,STRAIGHT ON HILLCREST,DRY,NO DEFECTS
Y-INTERSECTION,CURVE ON GRADE,DRY,UNKNOWN
Y-INTERSECTION,CURVE ON GRADE,UNKNOWN,UNKNOWN
Y-INTERSECTION,CURVE ON GRADE,WET,NO DEFECTS
Y-INTERSECTION,CURVE ON HILLCREST,DRY,UNKNOWN
Y-INTERSECTION,"CURVE, LEVEL",DRY,NO DEFECTS
Y-INTERSECTION,"CURVE, LEVEL",DRY,"RUT, HOLES"
Y-INTERSECTION,"CURVE, LEVEL",DRY,UNKNOWN
Y-INTERSECTION,"CURVE, LEVEL",ICE,NO DEFECTS
Y-INTERSECTION,"CURVE, LEVEL",UNKNOWN,UNKNOWN
Y-INTERSECTION,"CURVE, LEVEL",WET,NO DEFECTS
Y-INTERSECTION,"CURVE, LEVEL",WET,UNKNOWN
Y-INTERSECTION,STRAIGHT AND LEVEL,DRY,NO DEFECTS
Y-INTERSECTION,STRAIGHT AND LEVEL,DRY,"RUT, HOLES"
Y-INTERSECTION,STRAIGHT AND LEVEL,DRY,SHOULDER DEFECT
Y-INTERSECTION,STRAIGHT AND LEVEL,DRY,UNKNOWN
Y-INTERSECTION,STRAIGHT AND LEVEL,DRY,WORN SURFACE
Y-INTERSECTION,STRAIGHT AND LEVEL,ICE,NO DEFECTS
Y-INTERSECTION,STRAIGHT AND LEVEL,ICE,OTHER
Y-INTERSECTION,STRAIGHT AND LEVEL,ICE,UNKNOWN
Y-INTERSECTION,STRAIGHT AND LEVEL,OTHER,NO DEFECTS
Y-INTERSECTION,STRAIGHT AND LEVEL,OTHER,"RUT, HOLES"
Y-INTERSECTION,STRAIGHT AND LEVEL,OTHER,UNKNOWN
Y-INTERSECTION,STRAIGHT AND LEVEL,SNOW OR SLUSH,NO DEFECTS
Y-INTERSECTION,STRAIGHT AND LEVEL,SNOW OR SLUSH,SHOULDER DEFECT
Y-INTERSECTION,STRAIGHT AND LEVEL,SNOW OR SLUSH,UNKNOWN
Y-INTERSECTION,STRAIGHT AND LEVEL,UNKNOWN,NO DEFECTS
Y-INTERSECTION,STRAIGHT AND LEVEL,UNKNOWN,UNKNOWN
Y-INTERSECTION,STRAIGHT AND LEVEL,WET,NO DEFECTS
Y-INTERSECTION,STRAIGHT AND LEVEL,WET,OTHER
Y-INTERSECTION,STRAIGHT AND LEVEL,WET,"RUT, HOLES"
Y-INTERSECTION,STRAIGHT AND LEVEL,WET,UNKNOWN
Y-INTERSECTION,STRAIGHT ON GRADE,DRY,NO DEFECTS
Y-INTERSECTION,STRAIGHT ON GRADE,DRY,UNKNOWN
Y-INTERSECTION,STRAIGHT ON GRADE,ICE,NO DEFECTS
Y-INTERSECTION,STRAIGHT ON GRADE,SNOW OR SLUSH,NO DEFECTS
Y-INTERSECTION,STRAIGHT ON GRADE,WET,NO DEFECTS
Y-INTERSECTION,STRAIGHT ON GRADE,WET,WORN SURFACE
Y-INTERSECTION,STRAIGHT ON HILLCREST,UNKNOWN,NO DEFECTS
