prim_contributory_cause,weather_condition,road_defect,total_crashes,avg_fatal_injuries,sum_fatal_injuries,total_injuries_incapacitating,total_injuries_non_incapacitating,total_injuries_reported_not_evident,total_injuries_no_indication
WEATHER,SNOW,NO DEFECTS,908,0.0,0,11,93,74,1955
IMPROPER TURNING/NO SIGNAL,RAIN,UNKNOWN,192,0.0,0,2,41,16,459
NOT APPLICABLE,BLOWING SNOW,NO DEFECTS,5,0.0,0,0,0,0,11
DISTRACTION - FROM INSIDE VEHICLE,CLEAR,UNKNOWN,105,0.0,0,2,23,15,250
DISREGARDING TRAFFIC SIGNALS,CLEAR,NO DEFECTS,10362,0.0054043620922601815,56,890,4985,2045,22906
UNDER THE INFLUENCE OF ALCOHOL/DRUGS (USE WHEN ARREST IS EFFECTED),SNOW,NO DEFECTS,22,0.0,0,3,9,0,43
"EVASIVE ACTION DUE TO ANIMAL, OBJECT, NONMOTORIST",CLOUDY/OVERCAST,UNKNOWN,4,0.0,0,2,0,0,7
EQUIPMENT - VEHICLE CONDITION,FREEZING RAIN/DRIZZLE,UNKNOWN,1,0.0,0,0,0,1,0
"EVASIVE ACTION DUE TO ANIMAL, OBJECT, NONMOTORIST",BLOWING SNOW,NO DEFECTS,1,0.0,0,0,0,0,2
IMPROPER TURNING/NO SIGNAL,CLEAR,DEBRIS ON ROADWAY,5,0.0,0,0,3,1,6
FOLLOWING TOO CLOSELY,SLEET/HAIL,NO DEFECTS,17,0.0,0,0,8,3,55
EXCEEDING SAFE SPEED FOR CONDITIONS,CLOUDY/OVERCAST,NO DEFECTS,19,0.0,0,0,1,3,42
DRIVING SKILLS/KNOWLEDGE/EXPERIENCE,BLOWING SNOW,NO DEFECTS,3,0.0,0,0,0,0,8
DISREGARDING TRAFFIC SIGNALS,OTHER,UNKNOWN,11,0.0,0,0,9,1,23
DISREGARDING YIELD SIGN,SNOW,NO DEFECTS,8,0.0,0,1,5,1,15
IMPROPER OVERTAKING/PASSING,FREEZING RAIN/DRIZZLE,UNKNOWN,2,0.0,0,0,0,0,4
UNABLE TO DETERMINE,CLEAR,UNKNOWN,8453,0.002366023896841358,20,228,1470,849,19013
UNABLE TO DETERMINE,SNOW,OTHER,8,0.0,0,0,4,0,14
"DISTRACTION - OTHER ELECTRONIC DEVICE (NAVIGATION DEVICE, DVD PLAYER, ETC.)",SNOW,NO DEFECTS,1,0.0,0,0,0,0,3
FAILING TO REDUCE SPEED TO AVOID CRASH,CLEAR,SHOULDER DEFECT,20,0.0,0,1,11,2,49
EXCEEDING SAFE SPEED FOR CONDITIONS,UNKNOWN,NO DEFECTS,1,0.0,0,0,0,0,2
EXCEEDING AUTHORIZED SPEED LIMIT,CLEAR,DEBRIS ON ROADWAY,1,0.0,0,0,2,0,3
FAILING TO YIELD RIGHT-OF-WAY,RAIN,OTHER,12,0.0,0,1,1,2,28
IMPROPER TURNING/NO SIGNAL,RAIN,NO DEFECTS,951,0.0010515247108307045,1,21,182,102,2258
CELL PHONE USE OTHER THAN TEXTING,RAIN,NO DEFECTS,14,0.0,0,0,2,0,34
DISREGARDING TRAFFIC SIGNALS,RAIN,WORN SURFACE,8,0.0,0,1,5,1,19
RELATED TO BUS STOP,CLEAR,WORN SURFACE,1,0.0,0,0,0,0,3
ANIMAL,UNKNOWN,UNKNOWN,1,0.0,0,0,0,0,1
EXCEEDING AUTHORIZED SPEED LIMIT,OTHER,UNKNOWN,1,0.0,0,0,0,0,4
NOT APPLICABLE,CLEAR,NO DEFECTS,3119,0.0012824623276691247,4,132,577,345,6525
FOLLOWING TOO CLOSELY,FREEZING RAIN/DRIZZLE,UNKNOWN,4,0.0,0,0,0,0,9
WEATHER,SEVERE CROSS WIND GATE,DEBRIS ON ROADWAY,1,0.0,0,0,0,0,1
IMPROPER OVERTAKING/PASSING,CLOUDY/OVERCAST,NO DEFECTS,234,0.0,0,4,16,11,582
NOT APPLICABLE,OTHER,OTHER,3,0.0,0,0,1,2,4
FOLLOWING TOO CLOSELY,SNOW,SHOULDER DEFECT,2,0.0,0,0,0,1,5
DRIVING SKILLS/KNOWLEDGE/EXPERIENCE,RAIN,NO DEFECTS,357,0.0,0,12,43,43,803
IMPROPER LANE USAGE,OTHER,NO DEFECTS,8,0.0,0,0,0,1,20
DISTRACTION - FROM INSIDE VEHICLE,RAIN,UNKNOWN,15,0.0,0,1,1,1,39
IMPROPER BACKING,CLOUDY/OVERCAST,UNKNOWN,10,0.0,0,0,1,1,20
WEATHER,OTHER,OTHER,1,0.0,0,0,0,0,3
"VISION OBSCURED (SIGNS, TREE LIMBS, BUILDINGS, ETC.)",CLEAR,SHOULDER DEFECT,3,0.0,0,0,2,0,4
DISREGARDING OTHER TRAFFIC SIGNS,SNOW,NO DEFECTS,37,0.0,0,1,11,7,83
"OPERATING VEHICLE IN ERRATIC, RECKLESS, CARELESS, NEGLIGENT OR AGGRESSIVE MANNER",SNOW,NO DEFECTS,30,0.0,0,4,9,1,75
"OPERATING VEHICLE IN ERRATIC, RECKLESS, CARELESS, NEGLIGENT OR AGGRESSIVE MANNER",RAIN,OTHER,1,0.0,0,0,0,0,3
DRIVING SKILLS/KNOWLEDGE/EXPERIENCE,RAIN,OTHER,3,0.0,0,0,0,0,8
PHYSICAL CONDITION OF DRIVER,RAIN,WORN SURFACE,1,0.0,0,0,0,0,3
DISTRACTION - FROM OUTSIDE VEHICLE,UNKNOWN,UNKNOWN,3,0.0,0,0,0,0,7
UNABLE TO DETERMINE,RAIN,SHOULDER DEFECT,2,0.0,0,0,0,0,3
FAILING TO REDUCE SPEED TO AVOID CRASH,BLOWING SNOW,NO DEFECTS,4,0.0,0,2,1,0,9
FAILING TO YIELD RIGHT-OF-WAY,"BLOWING SAND, SOIL, DIRT",NO DEFECTS,1,0.0,0,0,0,0,2
DISREGARDING OTHER TRAFFIC SIGNS,CLEAR,OTHER,4,0.0,0,0,1,0,7
DISREGARDING OTHER TRAFFIC SIGNS,FREEZING RAIN/DRIZZLE,NO DEFECTS,4,0.25,1,0,2,1,6
DISREGARDING OTHER TRAFFIC SIGNS,CLEAR,SHOULDER DEFECT,3,0.0,0,1,0,0,5
IMPROPER BACKING,FOG/SMOKE/HAZE,UNKNOWN,1,0.0,0,0,0,0,2
FOLLOWING TOO CLOSELY,SNOW,OTHER,2,0.0,0,0,0,0,6
FOLLOWING TOO CLOSELY,UNKNOWN,WORN SURFACE,1,0.0,0,0,0,0,2
DISREGARDING TRAFFIC SIGNALS,UNKNOWN,NO DEFECTS,59,0.05084745762711865,3,8,15,9,124
WEATHER,CLEAR,WORN SURFACE,2,0.0,0,0,3,0,4
TEXTING,CLEAR,NO DEFECTS,57,0.0,0,1,14,14,131
IMPROPER TURNING/NO SIGNAL,UNKNOWN,NO DEFECTS,43,0.0,0,0,4,3,91
IMPROPER TURNING/NO SIGNAL,CLEAR,"RUT, HOLES",22,0.0,0,0,2,1,44
DISREGARDING STOP SIGN,SNOW,"RUT, HOLES",1,0.0,0,0,1,0,1
NOT APPLICABLE,UNKNOWN,"RUT, HOLES",3,0.0,0,0,0,0,3
NOT APPLICABLE,SNOW,OTHER,2,0.0,0,0,1,0,3
CELL PHONE USE OTHER THAN TEXTING,RAIN,UNKNOWN,3,0.0,0,2,0,0,5
DISREGARDING YIELD SIGN,CLOUDY/OVERCAST,SHOULDER DEFECT,1,0.0,0,0,0,0,6
PHYSICAL CONDITION OF DRIVER,RAIN,UNKNOWN,8,0.0,0,1,0,0,19
FAILING TO REDUCE SPEED TO AVOID CRASH,UNKNOWN,WORN SURFACE,1,0.0,0,0,0,0,2
DISREGARDING TRAFFIC SIGNALS,BLOWING SNOW,WORN SURFACE,1,0.0,0,0,0,0,2
DRIVING SKILLS/KNOWLEDGE/EXPERIENCE,OTHER,UNKNOWN,5,0.0,0,0,0,1,10
DRIVING SKILLS/KNOWLEDGE/EXPERIENCE,RAIN,WORN SURFACE,5,0.0,0,0,1,4,9
NOT APPLICABLE,SLEET/HAIL,NO DEFECTS,2,0.0,0,0,0,0,4
DISREGARDING ROAD MARKINGS,SNOW,UNKNOWN,1,0.0,0,0,0,0,2
"OPERATING VEHICLE IN ERRATIC, RECKLESS, CARELESS, NEGLIGENT OR AGGRESSIVE MANNER",RAIN,UNKNOWN,29,0.0,0,1,14,4,60
IMPROPER TURNING/NO SIGNAL,OTHER,UNKNOWN,10,0.0,0,0,2,1,21
IMPROPER LANE USAGE,SNOW,NO DEFECTS,98,0.0,0,1,4,1,236
DISREGARDING TRAFFIC SIGNALS,SNOW,WORN SURFACE,5,0.0,0,0,0,2,15
WEATHER,SLEET/HAIL,NO DEFECTS,44,0.0,0,2,12,5,77
FAILING TO REDUCE SPEED TO AVOID CRASH,SLEET/HAIL,NO DEFECTS,14,0.0,0,1,4,2,25
EXCEEDING SAFE SPEED FOR CONDITIONS,CLOUDY/OVERCAST,OTHER,1,0.0,0,0,0,0,2
IMPROPER LANE USAGE,CLOUDY/OVERCAST,NO DEFECTS,203,0.0,0,0,15,10,500
HAD BEEN DRINKING (USE WHEN ARREST IS NOT MADE),CLOUDY/OVERCAST,NO DEFECTS,3,0.0,0,0,1,1,5
WEATHER,FOG/SMOKE/HAZE,UNKNOWN,2,0.0,0,0,1,0,1
NOT APPLICABLE,FOG/SMOKE/HAZE,UNKNOWN,1,0.0,0,0,0,0,2
WEATHER,OTHER,SHOULDER DEFECT,1,0.0,0,0,0,0,2
DISREGARDING OTHER TRAFFIC SIGNS,CLEAR,UNKNOWN,101,0.0,0,16,40,13,208
FAILING TO YIELD RIGHT-OF-WAY,OTHER,NO DEFECTS,81,0.0,0,8,24,14,176
DISTRACTION - FROM INSIDE VEHICLE,CLOUDY/OVERCAST,NO DEFECTS,58,0.017241379310344827,1,1,7,10,164
UNABLE TO DETERMINE,RAIN,NO DEFECTS,4117,0.0012144765606023804,5,121,806,464,9181
IMPROPER TURNING/NO SIGNAL,FREEZING RAIN/DRIZZLE,NO DEFECTS,28,0.0,0,1,7,2,64
FAILING TO YIELD RIGHT-OF-WAY,BLOWING SNOW,WORN SURFACE,1,0.0,0,0,0,0,7
DISREGARDING YIELD SIGN,RAIN,NO DEFECTS,12,0.0,0,2,4,4,22
FAILING TO YIELD RIGHT-OF-WAY,OTHER,OTHER,2,0.0,0,0,0,3,5
ROAD CONSTRUCTION/MAINTENANCE,RAIN,UNKNOWN,2,0.0,0,0,0,0,5
FAILING TO REDUCE SPEED TO AVOID CRASH,FREEZING RAIN/DRIZZLE,OTHER,1,0.0,0,0,1,0,2
WEATHER,UNKNOWN,UNKNOWN,8,0.0,0,0,1,0,13
HAD BEEN DRINKING (USE WHEN ARREST IS NOT MADE),SLEET/HAIL,NO DEFECTS,1,0.0,0,0,0,0,5
NOT APPLICABLE,SEVERE CROSS WIND GATE,NO DEFECTS,2,0.0,0,0,0,0,7
UNABLE TO DETERMINE,OTHER,OTHER,1,0.0,0,0,0,0,2
FOLLOWING TOO CLOSELY,FOG/SMOKE/HAZE,NO DEFECTS,27,0.0,0,0,0,2,65
PHYSICAL CONDITION OF DRIVER,CLOUDY/OVERCAST,NO DEFECTS,38,0.02631578947368421,1,6,21,4,79
DISTRACTION - FROM OUTSIDE VEHICLE,OTHER,UNKNOWN,1,0.0,0,0,1,0,1
DISREGARDING ROAD MARKINGS,RAIN,UNKNOWN,6,0.0,0,0,0,0,11
FOLLOWING TOO CLOSELY,CLOUDY/OVERCAST,UNKNOWN,75,0.0,0,0,1,9,180
DRIVING SKILLS/KNOWLEDGE/EXPERIENCE,CLEAR,WORN SURFACE,92,0.0,0,1,8,6,186
NOT APPLICABLE,CLEAR,WORN SURFACE,28,0.0,0,1,7,2,54
DRIVING SKILLS/KNOWLEDGE/EXPERIENCE,CLOUDY/OVERCAST,NO DEFECTS,220,0.0,0,5,31,24,478
IMPROPER OVERTAKING/PASSING,RAIN,NO DEFECTS,524,0.0,0,10,57,20,1340
DISREGARDING TRAFFIC SIGNALS,FOG/SMOKE/HAZE,OTHER,1,0.0,0,0,1,0,1
HAD BEEN DRINKING (USE WHEN ARREST IS NOT MADE),UNKNOWN,UNKNOWN,6,0.0,0,0,2,0,13
ROAD ENGINEERING/SURFACE/MARKING DEFECTS,CLOUDY/OVERCAST,"RUT, HOLES",2,0.0,0,0,0,0,3
IMPROPER LANE USAGE,RAIN,SHOULDER DEFECT,2,0.0,0,1,0,0,11
DISREGARDING ROAD MARKINGS,FOG/SMOKE/HAZE,NO DEFECTS,1,0.0,0,0,0,0,2
NOT APPLICABLE,RAIN,UNKNOWN,156,0.0,0,4,24,12,331
IMPROPER LANE USAGE,RAIN,"RUT, HOLES",3,0.0,0,0,0,0,8
IMPROPER LANE USAGE,FOG/SMOKE/HAZE,UNKNOWN,2,0.0,0,0,0,0,12
DISREGARDING OTHER TRAFFIC SIGNS,RAIN,OTHER,1,0.0,0,0,0,0,2
FAILING TO REDUCE SPEED TO AVOID CRASH,CLOUDY/OVERCAST,UNKNOWN,52,0.0,0,4,19,5,111
UNDER THE INFLUENCE OF ALCOHOL/DRUGS (USE WHEN ARREST IS EFFECTED),RAIN,NO DEFECTS,67,0.014925373134328358,1,4,23,12,127
UNABLE TO DETERMINE,BLOWING SNOW,NO DEFECTS,22,0.0,0,2,3,5,46
DRIVING ON WRONG SIDE/WRONG WAY,CLOUDY/OVERCAST,NO DEFECTS,38,0.0,0,1,12,12,78
ROAD CONSTRUCTION/MAINTENANCE,RAIN,NO DEFECTS,10,0.0,0,0,1,1,21
TURNING RIGHT ON RED,RAIN,NO DEFECTS,33,0.0,0,0,7,5,77
UNABLE TO DETERMINE,UNKNOWN,UNKNOWN,3378,8.880994671403197E-4,3,45,226,201,7299
IMPROPER OVERTAKING/PASSING,RAIN,"RUT, HOLES",2,0.0,0,0,0,0,4
FAILING TO REDUCE SPEED TO AVOID CRASH,FREEZING RAIN/DRIZZLE,UNKNOWN,4,0.0,0,0,1,3,7
PHYSICAL CONDITION OF DRIVER,OTHER,UNKNOWN,1,0.0,0,0,1,0,1
TEXTING,CLEAR,"RUT, HOLES",1,0.0,0,0,1,0,5
ROAD CONSTRUCTION/MAINTENANCE,UNKNOWN,"RUT, HOLES",4,0.0,0,0,1,0,3
"OPERATING VEHICLE IN ERRATIC, RECKLESS, CARELESS, NEGLIGENT OR AGGRESSIVE MANNER",OTHER,SHOULDER DEFECT,1,0.0,0,0,0,1,2
UNABLE TO DETERMINE,SEVERE CROSS WIND GATE,NO DEFECTS,2,0.0,0,0,0,0,3
DRIVING SKILLS/KNOWLEDGE/EXPERIENCE,SNOW,OTHER,1,0.0,0,0,1,0,4
EQUIPMENT - VEHICLE CONDITION,OTHER,UNKNOWN,1,0.0,0,0,0,0,4
IMPROPER LANE USAGE,CLEAR,WORN SURFACE,24,0.0,0,3,5,0,54
FAILING TO YIELD RIGHT-OF-WAY,CLOUDY/OVERCAST,SHOULDER DEFECT,2,0.0,0,0,3,1,1
FAILING TO REDUCE SPEED TO AVOID CRASH,CLEAR,UNKNOWN,976,0.0030737704918032786,3,42,318,117,2268
UNABLE TO DETERMINE,UNKNOWN,NO DEFECTS,363,0.0,0,10,65,26,670
FOLLOWING TOO CLOSELY,RAIN,WORN SURFACE,4,0.0,0,0,0,2,10
ROAD CONSTRUCTION/MAINTENANCE,CLOUDY/OVERCAST,OTHER,4,0.0,0,0,0,0,9
EXCEEDING SAFE SPEED FOR CONDITIONS,SLEET/HAIL,NO DEFECTS,3,0.0,0,0,0,1,5
ROAD ENGINEERING/SURFACE/MARKING DEFECTS,CLEAR,DEBRIS ON ROADWAY,5,0.0,0,0,1,0,7
DRIVING ON WRONG SIDE/WRONG WAY,UNKNOWN,UNKNOWN,19,0.0,0,0,4,2,43
"VISION OBSCURED (SIGNS, TREE LIMBS, BUILDINGS, ETC.)",CLEAR,DEBRIS ON ROADWAY,3,0.0,0,0,0,1,5
ROAD CONSTRUCTION/MAINTENANCE,RAIN,"RUT, HOLES",5,0.0,0,0,2,0,4
IMPROPER TURNING/NO SIGNAL,RAIN,"RUT, HOLES",4,0.0,0,0,0,2,8
"DISTRACTION - OTHER ELECTRONIC DEVICE (NAVIGATION DEVICE, DVD PLAYER, ETC.)",RAIN,UNKNOWN,1,0.0,0,0,0,0,2
DISREGARDING STOP SIGN,FREEZING RAIN/DRIZZLE,OTHER,1,0.0,0,0,1,0,1
DISREGARDING ROAD MARKINGS,RAIN,NO DEFECTS,22,0.0,0,0,6,4,48
DRIVING SKILLS/KNOWLEDGE/EXPERIENCE,RAIN,"RUT, HOLES",2,0.0,0,0,0,0,6
PASSING STOPPED SCHOOL BUS,RAIN,NO DEFECTS,1,0.0,0,0,0,0,2
DISREGARDING ROAD MARKINGS,CLEAR,NO DEFECTS,245,0.004081632653061225,1,9,32,11,558
WEATHER,CLEAR,UNKNOWN,45,0.0,0,0,2,12,86
EXCEEDING AUTHORIZED SPEED LIMIT,SNOW,UNKNOWN,5,0.0,0,0,2,1,13
UNABLE TO DETERMINE,OTHER,WORN SURFACE,1,0.0,0,0,2,2,3
IMPROPER OVERTAKING/PASSING,CLEAR,WORN SURFACE,23,0.0,0,0,1,0,58
FOLLOWING TOO CLOSELY,SLEET/HAIL,UNKNOWN,5,0.0,0,0,2,0,10
FOLLOWING TOO CLOSELY,FOG/SMOKE/HAZE,WORN SURFACE,1,0.0,0,0,0,0,5
"EVASIVE ACTION DUE TO ANIMAL, OBJECT, NONMOTORIST",RAIN,UNKNOWN,3,0.0,0,0,0,0,6
"OPERATING VEHICLE IN ERRATIC, RECKLESS, CARELESS, NEGLIGENT OR AGGRESSIVE MANNER",SLEET/HAIL,NO DEFECTS,1,0.0,0,2,1,0,0
DISREGARDING STOP SIGN,UNKNOWN,UNKNOWN,97,0.0,0,4,9,11,217
EXCEEDING SAFE SPEED FOR CONDITIONS,CLOUDY/OVERCAST,UNKNOWN,1,0.0,0,0,0,0,4
NOT APPLICABLE,CLEAR,UNKNOWN,811,0.0036991368680641184,3,28,183,63,1712
DISREGARDING TRAFFIC SIGNALS,SNOW,UNKNOWN,66,0.0,0,8,26,8,150
UNABLE TO DETERMINE,CLOUDY/OVERCAST,OTHER,9,0.0,0,1,0,1,14
WEATHER,RAIN,"RUT, HOLES",10,0.0,0,0,5,1,17
OBSTRUCTED CROSSWALKS,CLEAR,OTHER,3,0.0,0,0,1,2,9
FOLLOWING TOO CLOSELY,CLEAR,SHOULDER DEFECT,15,0.0,0,0,3,1,36
DISREGARDING STOP SIGN,OTHER,UNKNOWN,2,0.0,0,0,2,0,8
OBSTRUCTED CROSSWALKS,FREEZING RAIN/DRIZZLE,NO DEFECTS,1,0.0,0,0,0,0,1
"VISION OBSCURED (SIGNS, TREE LIMBS, BUILDINGS, ETC.)",CLOUDY/OVERCAST,NO DEFECTS,95,0.0,0,4,20,13,200
UNABLE TO DETERMINE,OTHER,NO DEFECTS,103,0.0,0,5,42,8,221
IMPROPER BACKING,UNKNOWN,NO DEFECTS,9,0.0,0,0,0,0,20
DRIVING SKILLS/KNOWLEDGE/EXPERIENCE,BLOWING SNOW,UNKNOWN,1,0.0,0,0,0,0,3
UNDER THE INFLUENCE OF ALCOHOL/DRUGS (USE WHEN ARREST IS EFFECTED),CLOUDY/OVERCAST,UNKNOWN,1,0.0,0,0,0,0,4
FAILING TO REDUCE SPEED TO AVOID CRASH,BLOWING SNOW,UNKNOWN,2,0.0,0,0,0,0,5
DRIVING SKILLS/KNOWLEDGE/EXPERIENCE,UNKNOWN,UNKNOWN,92,0.0,0,0,2,5,204
"DISTRACTION - OTHER ELECTRONIC DEVICE (NAVIGATION DEVICE, DVD PLAYER, ETC.)",SNOW,UNKNOWN,1,0.0,0,0,0,0,2
DRIVING SKILLS/KNOWLEDGE/EXPERIENCE,CLOUDY/OVERCAST,UNKNOWN,40,0.0,0,0,8,5,93
CELL PHONE USE OTHER THAN TEXTING,FOG/SMOKE/HAZE,NO DEFECTS,2,0.0,0,0,2,0,3
WEATHER,FREEZING RAIN/DRIZZLE,UNKNOWN,8,0.0,0,0,0,0,19
FOLLOWING TOO CLOSELY,BLOWING SNOW,UNKNOWN,2,0.0,0,0,0,0,5
NOT APPLICABLE,CLEAR,SHOULDER DEFECT,8,0.0,0,1,1,0,24
ROAD CONSTRUCTION/MAINTENANCE,CLEAR,NO DEFECTS,106,0.0,0,3,18,6,211
DISREGARDING ROAD MARKINGS,CLEAR,OTHER,2,0.0,0,0,0,0,9
TURNING RIGHT ON RED,RAIN,UNKNOWN,3,0.0,0,0,0,0,7
TURNING RIGHT ON RED,OTHER,NO DEFECTS,1,0.0,0,2,0,0,1
DRIVING SKILLS/KNOWLEDGE/EXPERIENCE,CLEAR,NO DEFECTS,3421,2.9231218941829873E-4,1,90,579,311,7525
FAILING TO YIELD RIGHT-OF-WAY,FOG/SMOKE/HAZE,WORN SURFACE,1,0.0,0,0,0,0,4
"EVASIVE ACTION DUE TO ANIMAL, OBJECT, NONMOTORIST",CLEAR,NO DEFECTS,192,0.0,0,7,36,22,365
DISREGARDING OTHER TRAFFIC SIGNS,CLOUDY/OVERCAST,NO DEFECTS,25,0.04,1,3,6,4,49
DRIVING SKILLS/KNOWLEDGE/EXPERIENCE,CLEAR,SHOULDER DEFECT,6,0.0,0,1,0,1,10
DRIVING SKILLS/KNOWLEDGE/EXPERIENCE,CLOUDY/OVERCAST,SHOULDER DEFECT,1,0.0,0,0,0,0,1
EXCEEDING AUTHORIZED SPEED LIMIT,CLEAR,OTHER,3,0.0,0,0,2,0,2
IMPROPER TURNING/NO SIGNAL,CLOUDY/OVERCAST,"RUT, HOLES",2,0.0,0,0,1,0,8
"EVASIVE ACTION DUE TO ANIMAL, OBJECT, NONMOTORIST",CLEAR,WORN SURFACE,2,0.0,0,0,0,0,4
PASSING STOPPED SCHOOL BUS,CLEAR,NO DEFECTS,10,0.0,0,0,0,4,27
ROAD CONSTRUCTION/MAINTENANCE,RAIN,SHOULDER DEFECT,1,0.0,0,0,0,0,1
WEATHER,CLEAR,OTHER,6,0.0,0,0,0,0,12
"EVASIVE ACTION DUE TO ANIMAL, OBJECT, NONMOTORIST",OTHER,NO DEFECTS,1,0.0,0,0,0,0,1
IMPROPER BACKING,CLEAR,NO DEFECTS,1713,5.837711617046118E-4,1,7,66,42,3982
"VISION OBSCURED (SIGNS, TREE LIMBS, BUILDINGS, ETC.)",RAIN,UNKNOWN,26,0.0,0,2,8,5,51
BICYCLE ADVANCING LEGALLY ON RED LIGHT,CLEAR,"RUT, HOLES",1,0.0,0,0,0,0,2
DISTRACTION - FROM OUTSIDE VEHICLE,CLOUDY/OVERCAST,NO DEFECTS,25,0.0,0,0,5,2,66
DISREGARDING TRAFFIC SIGNALS,SLEET/HAIL,NO DEFECTS,19,0.0,0,1,4,7,49
DISTRACTION - FROM OUTSIDE VEHICLE,CLEAR,"RUT, HOLES",2,0.0,0,0,0,0,3
IMPROPER TURNING/NO SIGNAL,SNOW,"RUT, HOLES",1,0.0,0,0,0,0,4
UNDER THE INFLUENCE OF ALCOHOL/DRUGS (USE WHEN ARREST IS EFFECTED),FOG/SMOKE/HAZE,UNKNOWN,1,0.0,0,0,0,0,1
DISREGARDING ROAD MARKINGS,OTHER,NO DEFECTS,1,0.0,0,0,1,0,1
DISREGARDING YIELD SIGN,CLEAR,UNKNOWN,21,0.0,0,0,8,3,35
IMPROPER TURNING/NO SIGNAL,UNKNOWN,UNKNOWN,193,0.0,0,4,10,5,442
IMPROPER LANE USAGE,UNKNOWN,UNKNOWN,115,0.0,0,0,1,0,271
UNABLE TO DETERMINE,CLOUDY/OVERCAST,WORN SURFACE,10,0.0,0,1,1,8,19
UNABLE TO DETERMINE,RAIN,WORN SURFACE,28,0.0,0,0,4,3,64
DRIVING ON WRONG SIDE/WRONG WAY,FREEZING RAIN/DRIZZLE,NO DEFECTS,4,0.0,0,0,1,0,8
BICYCLE ADVANCING LEGALLY ON RED LIGHT,OTHER,NO DEFECTS,1,0.0,0,0,0,1,1
FAILING TO REDUCE SPEED TO AVOID CRASH,CLEAR,WORN SURFACE,48,0.0,0,3,19,13,93
DISREGARDING TRAFFIC SIGNALS,OTHER,NO DEFECTS,31,0.0,0,3,11,11,72
PASSING STOPPED SCHOOL BUS,CLEAR,UNKNOWN,1,0.0,0,0,0,2,25
IMPROPER OVERTAKING/PASSING,OTHER,UNKNOWN,6,0.0,0,0,0,1,16
WEATHER,BLOWING SNOW,UNKNOWN,8,0.0,0,0,1,0,14
UNABLE TO DETERMINE,SLEET/HAIL,NO DEFECTS,51,0.0,0,1,12,6,101
DISREGARDING TRAFFIC SIGNALS,SEVERE CROSS WIND GATE,NO DEFECTS,3,0.3333333333333333,1,1,0,2,7
DISREGARDING ROAD MARKINGS,CLOUDY/OVERCAST,NO DEFECTS,11,0.0,0,0,1,1,27
HAD BEEN DRINKING (USE WHEN ARREST IS NOT MADE),CLEAR,UNKNOWN,18,0.0,0,0,6,3,43
FAILING TO YIELD RIGHT-OF-WAY,OTHER,"RUT, HOLES",1,0.0,0,0,0,2,2
WEATHER,CLEAR,"RUT, HOLES",1,0.0,0,0,0,0,2
FAILING TO REDUCE SPEED TO AVOID CRASH,BLOWING SNOW,DEBRIS ON ROADWAY,1,0.0,0,0,0,0,5
DISREGARDING OTHER TRAFFIC SIGNS,CLEAR,"RUT, HOLES",2,0.0,0,0,0,0,4
FAILING TO YIELD RIGHT-OF-WAY,UNKNOWN,NO DEFECTS,135,0.0,0,2,22,14,257
DRIVING SKILLS/KNOWLEDGE/EXPERIENCE,FOG/SMOKE/HAZE,NO DEFECTS,5,0.0,0,0,1,3,6
TURNING RIGHT ON RED,SLEET/HAIL,NO DEFECTS,1,0.0,0,0,0,0,2
DISTRACTION - FROM INSIDE VEHICLE,RAIN,NO DEFECTS,74,0.0,0,2,20,13,180
DRIVING ON WRONG SIDE/WRONG WAY,CLEAR,UNKNOWN,103,0.0,0,16,36,11,217
FOLLOWING TOO CLOSELY,OTHER,NO DEFECTS,28,0.0,0,0,4,3,65
DRIVING SKILLS/KNOWLEDGE/EXPERIENCE,SNOW,UNKNOWN,29,0.0,0,0,4,1,63
IMPROPER TURNING/NO SIGNAL,FOG/SMOKE/HAZE,NO DEFECTS,15,0.0,0,0,4,1,36
DISTRACTION - FROM OUTSIDE VEHICLE,CLEAR,OTHER,7,0.0,0,3,2,1,10
ROAD ENGINEERING/SURFACE/MARKING DEFECTS,CLEAR,"RUT, HOLES",60,0.0,0,2,8,2,75
FAILING TO YIELD RIGHT-OF-WAY,CLEAR,WORN SURFACE,121,0.024793388429752067,3,16,24,25,284
"OPERATING VEHICLE IN ERRATIC, RECKLESS, CARELESS, NEGLIGENT OR AGGRESSIVE MANNER",SNOW,UNKNOWN,8,0.0,0,1,1,0,16
DRIVING SKILLS/KNOWLEDGE/EXPERIENCE,CLEAR,OTHER,12,0.0,0,3,0,0,21
IMPROPER LANE USAGE,CLOUDY/OVERCAST,UNKNOWN,31,0.0,0,1,3,0,71
DISREGARDING STOP SIGN,SNOW,UNKNOWN,38,0.0,0,0,8,11,80
NOT APPLICABLE,UNKNOWN,NO DEFECTS,23,0.0,0,0,2,5,38
IMPROPER LANE USAGE,SNOW,OTHER,1,0.0,0,0,0,0,4
DISREGARDING OTHER TRAFFIC SIGNS,RAIN,"RUT, HOLES",1,0.0,0,0,0,0,2
UNABLE TO DETERMINE,RAIN,DEBRIS ON ROADWAY,2,0.0,0,0,0,0,2
DRIVING ON WRONG SIDE/WRONG WAY,CLEAR,SHOULDER DEFECT,1,0.0,0,0,0,0,2
DISTRACTION - FROM OUTSIDE VEHICLE,SNOW,OTHER,1,0.0,0,1,0,0,3
DRIVING ON WRONG SIDE/WRONG WAY,CLEAR,OTHER,2,0.0,0,0,0,0,3
"OPERATING VEHICLE IN ERRATIC, RECKLESS, CARELESS, NEGLIGENT OR AGGRESSIVE MANNER",FOG/SMOKE/HAZE,UNKNOWN,3,0.0,0,0,0,0,9
EXCEEDING SAFE SPEED FOR CONDITIONS,CLEAR,NO DEFECTS,178,0.016853932584269662,3,10,47,29,375
FAILING TO YIELD RIGHT-OF-WAY,CLEAR,SHOULDER DEFECT,70,0.0,0,7,20,11,140
NOT APPLICABLE,SNOW,UNKNOWN,39,0.0,0,0,2,0,96
DISREGARDING TRAFFIC SIGNALS,CLOUDY/OVERCAST,SHOULDER DEFECT,1,0.0,0,0,0,0,2
FOLLOWING TOO CLOSELY,CLOUDY/OVERCAST,"RUT, HOLES",4,0.0,0,0,0,0,15
IMPROPER TURNING/NO SIGNAL,CLEAR,WORN SURFACE,24,0.0,0,0,2,1,56
"DISTRACTION - OTHER ELECTRONIC DEVICE (NAVIGATION DEVICE, DVD PLAYER, ETC.)",CLEAR,NO DEFECTS,66,0.0,0,0,16,17,150
BICYCLE ADVANCING LEGALLY ON RED LIGHT,CLEAR,OTHER,1,0.0,0,0,0,0,2
DISREGARDING STOP SIGN,RAIN,WORN SURFACE,1,0.0,0,0,2,1,0
ROAD ENGINEERING/SURFACE/MARKING DEFECTS,SNOW,NO DEFECTS,2,0.0,0,0,0,0,4
UNDER THE INFLUENCE OF ALCOHOL/DRUGS (USE WHEN ARREST IS EFFECTED),CLEAR,WORN SURFACE,5,0.0,0,0,4,2,14
DISTRACTION - FROM OUTSIDE VEHICLE,CLEAR,DEBRIS ON ROADWAY,3,0.0,0,0,3,0,3
FAILING TO REDUCE SPEED TO AVOID CRASH,SEVERE CROSS WIND GATE,UNKNOWN,1,0.0,0,0,0,0,2
DISTRACTION - FROM INSIDE VEHICLE,CLOUDY/OVERCAST,UNKNOWN,5,0.0,0,0,0,0,11
EXCEEDING AUTHORIZED SPEED LIMIT,UNKNOWN,UNKNOWN,4,0.0,0,1,3,0,9
ROAD ENGINEERING/SURFACE/MARKING DEFECTS,CLOUDY/OVERCAST,NO DEFECTS,3,0.0,0,1,0,0,6
DRIVING SKILLS/KNOWLEDGE/EXPERIENCE,FREEZING RAIN/DRIZZLE,NO DEFECTS,14,0.0,0,0,1,0,40
TURNING RIGHT ON RED,FREEZING RAIN/DRIZZLE,NO DEFECTS,1,0.0,0,0,0,1,1
IMPROPER BACKING,CLEAR,DEBRIS ON ROADWAY,3,0.0,0,0,3,0,7
DISREGARDING TRAFFIC SIGNALS,CLEAR,OTHER,26,0.07692307692307693,2,1,7,5,58
PASSING STOPPED SCHOOL BUS,SNOW,NO DEFECTS,1,0.0,0,0,0,0,2
NOT APPLICABLE,RAIN,"RUT, HOLES",6,0.0,0,0,0,0,8
FAILING TO YIELD RIGHT-OF-WAY,SEVERE CROSS WIND GATE,NO DEFECTS,7,0.0,0,0,2,0,13
IMPROPER TURNING/NO SIGNAL,SNOW,OTHER,2,0.0,0,1,0,0,3
HAD BEEN DRINKING (USE WHEN ARREST IS NOT MADE),SNOW,UNKNOWN,1,0.0,0,0,0,0,3
ANIMAL,RAIN,NO DEFECTS,3,0.0,0,0,0,1,3
IMPROPER TURNING/NO SIGNAL,CLOUDY/OVERCAST,WORN SURFACE,7,0.0,0,0,1,1,15
EXCEEDING AUTHORIZED SPEED LIMIT,CLOUDY/OVERCAST,NO DEFECTS,13,0.0,0,1,3,5,24
DISREGARDING YIELD SIGN,CLEAR,NO DEFECTS,82,0.0,0,10,27,12,148
IMPROPER BACKING,RAIN,WORN SURFACE,1,0.0,0,0,0,0,4
"OPERATING VEHICLE IN ERRATIC, RECKLESS, CARELESS, NEGLIGENT OR AGGRESSIVE MANNER",UNKNOWN,UNKNOWN,17,0.0,0,0,2,0,35
PHYSICAL CONDITION OF DRIVER,RAIN,NO DEFECTS,64,0.015625,1,6,35,2,101
DISREGARDING STOP SIGN,OTHER,NO DEFECTS,12,0.0,0,1,3,5,31
DISTRACTION - FROM OUTSIDE VEHICLE,FREEZING RAIN/DRIZZLE,NO DEFECTS,1,0.0,0,0,0,0,2
EQUIPMENT - VEHICLE CONDITION,UNKNOWN,UNKNOWN,9,0.0,0,0,2,0,17
DISTRACTION - FROM INSIDE VEHICLE,OTHER,NO DEFECTS,2,0.0,0,0,0,0,7
IMPROPER TURNING/NO SIGNAL,FOG/SMOKE/HAZE,UNKNOWN,5,0.0,0,0,0,0,15
WEATHER,FREEZING RAIN/DRIZZLE,WORN SURFACE,1,0.0,0,0,0,0,2
EQUIPMENT - VEHICLE CONDITION,CLOUDY/OVERCAST,NO DEFECTS,46,0.0,0,0,9,7,98
ROAD ENGINEERING/SURFACE/MARKING DEFECTS,FOG/SMOKE/HAZE,"RUT, HOLES",1,0.0,0,0,0,0,1
DISREGARDING TRAFFIC SIGNALS,CLEAR,UNKNOWN,1352,0.005917159763313609,8,105,607,267,2888
DISREGARDING STOP SIGN,CLEAR,UNKNOWN,607,0.0,0,25,213,87,1355
FAILING TO YIELD RIGHT-OF-WAY,RAIN,"RUT, HOLES",9,0.0,0,0,2,3,22
DISREGARDING OTHER TRAFFIC SIGNS,CLEAR,WORN SURFACE,2,0.0,0,4,1,0,2
DRIVING ON WRONG SIDE/WRONG WAY,OTHER,UNKNOWN,1,0.0,0,0,0,0,2
DRIVING SKILLS/KNOWLEDGE/EXPERIENCE,FOG/SMOKE/HAZE,UNKNOWN,1,0.0,0,0,0,0,2
TURNING RIGHT ON RED,CLEAR,NO DEFECTS,303,0.0,0,10,61,43,732
FAILING TO YIELD RIGHT-OF-WAY,SNOW,WORN SURFACE,5,0.0,0,1,4,1,10
IMPROPER OVERTAKING/PASSING,SNOW,OTHER,3,0.0,0,0,0,0,7
ROAD CONSTRUCTION/MAINTENANCE,OTHER,NO DEFECTS,1,0.0,0,0,0,0,3
ROAD ENGINEERING/SURFACE/MARKING DEFECTS,RAIN,UNKNOWN,2,0.0,0,0,1,0,3
UNDER THE INFLUENCE OF ALCOHOL/DRUGS (USE WHEN ARREST IS EFFECTED),CLOUDY/OVERCAST,OTHER,1,0.0,0,2,0,0,1
"OPERATING VEHICLE IN ERRATIC, RECKLESS, CARELESS, NEGLIGENT OR AGGRESSIVE MANNER",FREEZING RAIN/DRIZZLE,NO DEFECTS,1,0.0,0,0,1,0,0
DISREGARDING TRAFFIC SIGNALS,CLOUDY/OVERCAST,NO DEFECTS,449,0.0022271714922048997,1,35,194,96,946
HAD BEEN DRINKING (USE WHEN ARREST IS NOT MADE),CLEAR,NO DEFECTS,84,0.0,0,13,18,14,177
WEATHER,CLOUDY/OVERCAST,UNKNOWN,12,0.0,0,0,4,0,33
FAILING TO REDUCE SPEED TO AVOID CRASH,RAIN,"RUT, HOLES",7,0.0,0,0,1,1,12
EXCEEDING AUTHORIZED SPEED LIMIT,OTHER,NO DEFECTS,2,0.0,0,0,3,0,4
UNDER THE INFLUENCE OF ALCOHOL/DRUGS (USE WHEN ARREST IS EFFECTED),OTHER,WORN SURFACE,1,0.0,0,0,0,0,1
EQUIPMENT - VEHICLE CONDITION,RAIN,NO DEFECTS,104,0.0,0,8,28,25,237
DISREGARDING STOP SIGN,CLEAR,OTHER,12,0.0,0,0,2,0,30
DISREGARDING ROAD MARKINGS,CLEAR,WORN SURFACE,2,0.0,0,0,0,1,3
IMPROPER TURNING/NO SIGNAL,SLEET/HAIL,UNKNOWN,3,0.0,0,0,0,2,9
DISREGARDING OTHER TRAFFIC SIGNS,FREEZING RAIN/DRIZZLE,WORN SURFACE,1,0.0,0,0,0,0,2
DISREGARDING STOP SIGN,FREEZING RAIN/DRIZZLE,NO DEFECTS,11,0.0,0,0,2,1,23
EQUIPMENT - VEHICLE CONDITION,BLOWING SNOW,NO DEFECTS,1,0.0,0,0,1,0,1
FAILING TO YIELD RIGHT-OF-WAY,FOG/SMOKE/HAZE,NO DEFECTS,68,0.0,0,2,26,12,140
WEATHER,UNKNOWN,NO DEFECTS,3,0.0,0,0,1,0,2
WEATHER,FOG/SMOKE/HAZE,NO DEFECTS,14,0.0,0,0,3,4,24
UNABLE TO DETERMINE,FOG/SMOKE/HAZE,WORN SURFACE,3,0.0,0,0,1,0,6
DISTRACTION - FROM OUTSIDE VEHICLE,CLEAR,WORN SURFACE,4,0.0,0,0,0,4,7
EQUIPMENT - VEHICLE CONDITION,SNOW,NO DEFECTS,23,0.0,0,1,4,7,50
DISREGARDING OTHER TRAFFIC SIGNS,RAIN,NO DEFECTS,95,0.0,0,7,37,15,207
UNABLE TO DETERMINE,CLOUDY/OVERCAST,SHOULDER DEFECT,1,0.0,0,0,1,0,2
IMPROPER TURNING/NO SIGNAL,CLEAR,NO DEFECTS,9033,6.642311524410495E-4,6,192,1403,817,21092
ROAD CONSTRUCTION/MAINTENANCE,RAIN,DEBRIS ON ROADWAY,2,0.0,0,0,0,5,4
DRIVING SKILLS/KNOWLEDGE/EXPERIENCE,CLOUDY/OVERCAST,WORN SURFACE,6,0.0,0,0,1,1,11
IMPROPER LANE USAGE,FREEZING RAIN/DRIZZLE,"RUT, HOLES",1,0.0,0,0,0,0,2
"EVASIVE ACTION DUE TO ANIMAL, OBJECT, NONMOTORIST",SNOW,NO DEFECTS,6,0.0,0,0,1,1,9
FOLLOWING TOO CLOSELY,FREEZING RAIN/DRIZZLE,"RUT, HOLES",1,0.0,0,0,0,0,2
FAILING TO YIELD RIGHT-OF-WAY,BLOWING SNOW,UNKNOWN,6,0.0,0,0,0,0,17
IMPROPER BACKING,UNKNOWN,UNKNOWN,48,0.0,0,0,1,1,98
IMPROPER OVERTAKING/PASSING,UNKNOWN,NO DEFECTS,60,0.0,0,0,2,1,124
UNABLE TO DETERMINE,RAIN,OTHER,26,0.0,0,0,6,3,51
FAILING TO REDUCE SPEED TO AVOID CRASH,RAIN,UNKNOWN,196,0.00510204081632653,1,13,60,28,445
EQUIPMENT - VEHICLE CONDITION,SLEET/HAIL,NO DEFECTS,2,0.0,0,0,0,0,4
TURNING RIGHT ON RED,CLOUDY/OVERCAST,NO DEFECTS,13,0.0,0,0,2,1,24
DISTRACTION - FROM OUTSIDE VEHICLE,CLEAR,SHOULDER DEFECT,1,0.0,0,0,0,0,1
FAILING TO YIELD RIGHT-OF-WAY,CLOUDY/OVERCAST,NO DEFECTS,1558,0.0025673940949935813,4,57,422,223,3457
DISREGARDING STOP SIGN,RAIN,NO DEFECTS,619,0.0032310177705977385,2,27,180,110,1363
DISREGARDING TRAFFIC SIGNALS,SNOW,"RUT, HOLES",1,0.0,0,0,1,0,2
FAILING TO YIELD RIGHT-OF-WAY,SNOW,OTHER,5,0.0,0,0,0,4,9
DRIVING SKILLS/KNOWLEDGE/EXPERIENCE,CLEAR,"RUT, HOLES",12,0.0,0,0,2,1,33
DISTRACTION - FROM INSIDE VEHICLE,RAIN,DEBRIS ON ROADWAY,1,0.0,0,0,0,0,2
FAILING TO YIELD RIGHT-OF-WAY,FREEZING RAIN/DRIZZLE,OTHER,1,0.0,0,0,0,0,2
BICYCLE ADVANCING LEGALLY ON RED LIGHT,CLEAR,UNKNOWN,3,0.0,0,1,1,0,4
FOLLOWING TOO CLOSELY,CLEAR,OTHER,52,0.0,0,0,6,6,133
WEATHER,CLOUDY/OVERCAST,NO DEFECTS,40,0.0,0,0,4,4,93
ROAD CONSTRUCTION/MAINTENANCE,CLEAR,SHOULDER DEFECT,1,0.0,0,0,4,0,1
DRIVING SKILLS/KNOWLEDGE/EXPERIENCE,SNOW,NO DEFECTS,92,0.0,0,0,14,12,204
IMPROPER OVERTAKING/PASSING,FOG/SMOKE/HAZE,NO DEFECTS,19,0.0,0,0,0,0,52
IMPROPER BACKING,CLEAR,OTHER,7,0.0,0,0,1,0,19
DRIVING SKILLS/KNOWLEDGE/EXPERIENCE,SEVERE CROSS WIND GATE,NO DEFECTS,1,0.0,0,0,0,0,2
FAILING TO YIELD RIGHT-OF-WAY,CLOUDY/OVERCAST,UNKNOWN,165,0.006060606060606061,1,4,48,26,365
IMPROPER TURNING/NO SIGNAL,SLEET/HAIL,NO DEFECTS,12,0.0,0,0,1,0,26
DISREGARDING STOP SIGN,RAIN,OTHER,3,0.0,0,0,1,0,7
"DISTRACTION - OTHER ELECTRONIC DEVICE (NAVIGATION DEVICE, DVD PLAYER, ETC.)",CLOUDY/OVERCAST,UNKNOWN,1,0.0,0,0,0,0,3
FOLLOWING TOO CLOSELY,UNKNOWN,NO DEFECTS,115,0.0,0,1,3,7,259
FOLLOWING TOO CLOSELY,RAIN,OTHER,8,0.0,0,0,1,2,19
WEATHER,RAIN,UNKNOWN,188,0.0,0,6,43,19,420
UNDER THE INFLUENCE OF ALCOHOL/DRUGS (USE WHEN ARREST IS EFFECTED),SNOW,UNKNOWN,8,0.0,0,0,5,0,17
EXCEEDING AUTHORIZED SPEED LIMIT,CLEAR,UNKNOWN,30,0.0,0,2,8,2,73
IMPROPER TURNING/NO SIGNAL,FREEZING RAIN/DRIZZLE,UNKNOWN,6,0.0,0,0,1,0,11
DISTRACTION - FROM INSIDE VEHICLE,CLEAR,"RUT, HOLES",2,0.0,0,0,0,1,10
DISTRACTION - FROM INSIDE VEHICLE,UNKNOWN,NO DEFECTS,2,0.0,0,0,0,0,4
WEATHER,BLOWING SNOW,OTHER,1,0.0,0,0,0,0,2
DISREGARDING TRAFFIC SIGNALS,UNKNOWN,UNKNOWN,135,0.0,0,3,17,10,305
WEATHER,SNOW,UNKNOWN,221,0.0,0,2,22,15,472
DISREGARDING STOP SIGN,SNOW,NO DEFECTS,143,0.006993006993006993,1,2,37,24,317
IMPROPER OVERTAKING/PASSING,CLOUDY/OVERCAST,WORN SURFACE,3,0.0,0,0,0,0,6
IMPROPER OVERTAKING/PASSING,FREEZING RAIN/DRIZZLE,NO DEFECTS,8,0.0,0,1,0,1,17
FOLLOWING TOO CLOSELY,UNKNOWN,UNKNOWN,324,0.0,0,0,20,21,717
FAILING TO REDUCE SPEED TO AVOID CRASH,CLEAR,OTHER,29,0.0,0,3,2,6,67
WEATHER,RAIN,NO DEFECTS,1062,0.0,0,48,234,140,2262
"EVASIVE ACTION DUE TO ANIMAL, OBJECT, NONMOTORIST",SNOW,UNKNOWN,3,0.0,0,0,0,0,6
FAILING TO REDUCE SPEED TO AVOID CRASH,SNOW,NO DEFECTS,299,0.0033444816053511705,1,8,65,43,688
FAILING TO YIELD RIGHT-OF-WAY,BLOWING SNOW,NO DEFECTS,10,0.0,0,0,0,1,27
PHYSICAL CONDITION OF DRIVER,SNOW,NO DEFECTS,19,0.0,0,2,8,0,28
DISREGARDING YIELD SIGN,CLOUDY/OVERCAST,NO DEFECTS,2,0.0,0,0,1,0,3
IMPROPER OVERTAKING/PASSING,CLOUDY/OVERCAST,"RUT, HOLES",2,0.0,0,0,0,1,3
DISTRACTION - FROM OUTSIDE VEHICLE,UNKNOWN,NO DEFECTS,1,0.0,0,0,0,0,2
NOT APPLICABLE,OTHER,UNKNOWN,6,0.0,0,0,0,0,15
DISREGARDING ROAD MARKINGS,CLEAR,"RUT, HOLES",2,0.0,0,0,0,0,6
ROAD CONSTRUCTION/MAINTENANCE,UNKNOWN,UNKNOWN,1,0.0,0,0,0,0,2
ROAD ENGINEERING/SURFACE/MARKING DEFECTS,RAIN,NO DEFECTS,2,0.0,0,0,0,0,2
UNDER THE INFLUENCE OF ALCOHOL/DRUGS (USE WHEN ARREST IS EFFECTED),OTHER,UNKNOWN,1,0.0,0,0,0,0,1
DISTRACTION - FROM INSIDE VEHICLE,CLEAR,WORN SURFACE,9,0.0,0,0,2,2,22
TURNING RIGHT ON RED,CLEAR,UNKNOWN,50,0.0,0,3,14,4,103
IMPROPER TURNING/NO SIGNAL,CLEAR,OTHER,34,0.0,0,1,7,6,78
DISTRACTION - FROM INSIDE VEHICLE,CLEAR,SHOULDER DEFECT,5,0.0,0,0,0,1,12
"EVASIVE ACTION DUE TO ANIMAL, OBJECT, NONMOTORIST",CLOUDY/OVERCAST,NO DEFECTS,11,0.0,0,0,3,0,30
EXCEEDING SAFE SPEED FOR CONDITIONS,SNOW,UNKNOWN,5,0.0,0,0,1,0,11
UNDER THE INFLUENCE OF ALCOHOL/DRUGS (USE WHEN ARREST IS EFFECTED),CLEAR,OTHER,3,0.0,0,1,2,0,5
FOLLOWING TOO CLOSELY,FOG/SMOKE/HAZE,UNKNOWN,1,0.0,0,0,0,0,2
FOLLOWING TOO CLOSELY,OTHER,WORN SURFACE,1,0.0,0,0,0,0,2
RELATED TO BUS STOP,CLOUDY/OVERCAST,NO DEFECTS,3,0.0,0,0,1,0,10
DISREGARDING OTHER TRAFFIC SIGNS,CLOUDY/OVERCAST,UNKNOWN,4,0.0,0,0,2,2,6
ANIMAL,CLEAR,UNKNOWN,5,0.0,0,0,2,0,11
FAILING TO YIELD RIGHT-OF-WAY,RAIN,DEBRIS ON ROADWAY,2,0.0,0,0,0,0,7
FAILING TO YIELD RIGHT-OF-WAY,CLOUDY/OVERCAST,OTHER,5,0.0,0,1,4,0,8
DISREGARDING OTHER TRAFFIC SIGNS,CLEAR,NO DEFECTS,763,0.003931847968545216,3,50,339,160,1605
DRIVING SKILLS/KNOWLEDGE/EXPERIENCE,RAIN,UNKNOWN,99,0.0,0,5,22,9,216
IMPROPER BACKING,CLOUDY/OVERCAST,"RUT, HOLES",1,0.0,0,0,0,0,2
FAILING TO REDUCE SPEED TO AVOID CRASH,UNKNOWN,UNKNOWN,125,0.0,0,6,16,13,282
WEATHER,SNOW,OTHER,25,0.0,0,1,3,5,49
EXCEEDING SAFE SPEED FOR CONDITIONS,UNKNOWN,UNKNOWN,1,0.0,0,0,0,0,2
FAILING TO YIELD RIGHT-OF-WAY,CLEAR,DEBRIS ON ROADWAY,21,0.0,0,2,8,7,39
DISTRACTION - FROM INSIDE VEHICLE,SNOW,NO DEFECTS,20,0.0,0,0,3,2,45
IMPROPER BACKING,SNOW,UNKNOWN,10,0.0,0,0,1,0,22
BICYCLE ADVANCING LEGALLY ON RED LIGHT,UNKNOWN,UNKNOWN,1,0.0,0,0,0,0,4
TURNING RIGHT ON RED,CLEAR,SHOULDER DEFECT,1,0.0,0,0,1,0,1
WEATHER,RAIN,SHOULDER DEFECT,1,0.0,0,0,0,0,1
PHYSICAL CONDITION OF DRIVER,FOG/SMOKE/HAZE,NO DEFECTS,1,0.0,0,0,0,0,1
DISTRACTION - FROM OUTSIDE VEHICLE,CLEAR,NO DEFECTS,558,0.0017921146953405018,1,21,118,65,1186
EXCEEDING SAFE SPEED FOR CONDITIONS,SNOW,NO DEFECTS,76,0.0,0,1,3,9,171
FAILING TO REDUCE SPEED TO AVOID CRASH,RAIN,OTHER,6,0.0,0,0,6,0,11
IMPROPER LANE USAGE,UNKNOWN,NO DEFECTS,29,0.0,0,0,2,2,63
IMPROPER OVERTAKING/PASSING,OTHER,NO DEFECTS,12,0.0,0,0,1,1,26
EXCEEDING SAFE SPEED FOR CONDITIONS,RAIN,SHOULDER DEFECT,3,0.0,0,0,0,1,5
FAILING TO REDUCE SPEED TO AVOID CRASH,CLEAR,NO DEFECTS,7191,0.003337505214851898,24,354,2016,1152,16616
IMPROPER TURNING/NO SIGNAL,UNKNOWN,OTHER,3,0.0,0,0,0,0,11
"OPERATING VEHICLE IN ERRATIC, RECKLESS, CARELESS, NEGLIGENT OR AGGRESSIVE MANNER",CLEAR,OTHER,13,0.0,0,0,3,0,27
IMPROPER TURNING/NO SIGNAL,BLOWING SNOW,NO DEFECTS,2,0.0,0,0,2,1,2
IMPROPER LANE USAGE,FOG/SMOKE/HAZE,NO DEFECTS,5,0.0,0,0,0,0,14
"EVASIVE ACTION DUE TO ANIMAL, OBJECT, NONMOTORIST",FREEZING RAIN/DRIZZLE,NO DEFECTS,1,0.0,0,0,0,0,1
IMPROPER OVERTAKING/PASSING,UNKNOWN,WORN SURFACE,1,0.0,0,0,0,0,2
ANIMAL,CLEAR,NO DEFECTS,36,0.0,0,1,8,1,49
DISREGARDING TRAFFIC SIGNALS,CLOUDY/OVERCAST,OTHER,3,0.0,0,1,0,0,7
IMPROPER LANE USAGE,SLEET/HAIL,NO DEFECTS,3,0.0,0,0,0,0,6
FOLLOWING TOO CLOSELY,RAIN,NO DEFECTS,1570,6.369426751592356E-4,1,14,168,191,3764
"VISION OBSCURED (SIGNS, TREE LIMBS, BUILDINGS, ETC.)",CLOUDY/OVERCAST,WORN SURFACE,1,0.0,0,0,1,0,1
FAILING TO REDUCE SPEED TO AVOID CRASH,CLEAR,DEBRIS ON ROADWAY,5,0.0,0,0,1,1,6
DRIVING ON WRONG SIDE/WRONG WAY,SNOW,UNKNOWN,3,0.0,0,0,0,1,12
EXCEEDING SAFE SPEED FOR CONDITIONS,CLEAR,"RUT, HOLES",1,0.0,0,0,0,0,2
"VISION OBSCURED (SIGNS, TREE LIMBS, BUILDINGS, ETC.)",UNKNOWN,UNKNOWN,11,0.0,0,0,0,0,23
IMPROPER BACKING,OTHER,NO DEFECTS,2,0.0,0,0,0,0,5
UNABLE TO DETERMINE,SNOW,"RUT, HOLES",7,0.0,0,0,0,0,12
CELL PHONE USE OTHER THAN TEXTING,UNKNOWN,NO DEFECTS,2,0.0,0,0,0,0,5
DISTRACTION - FROM INSIDE VEHICLE,FOG/SMOKE/HAZE,NO DEFECTS,2,0.0,0,0,1,0,8
IMPROPER BACKING,RAIN,OTHER,2,0.0,0,0,0,0,6
IMPROPER OVERTAKING/PASSING,SNOW,WORN SURFACE,2,0.0,0,0,0,0,4
IMPROPER TURNING/NO SIGNAL,RAIN,OTHER,1,0.0,0,0,0,0,2
DISTRACTION - FROM OUTSIDE VEHICLE,RAIN,OTHER,1,0.0,0,0,1,0,2
DISTRACTION - FROM OUTSIDE VEHICLE,CLEAR,UNKNOWN,84,0.0,0,2,14,6,190
ROAD CONSTRUCTION/MAINTENANCE,CLEAR,"RUT, HOLES",39,0.0,0,1,2,4,48
IMPROPER TURNING/NO SIGNAL,SNOW,NO DEFECTS,234,0.0,0,4,35,20,532
ROAD CONSTRUCTION/MAINTENANCE,OTHER,"RUT, HOLES",1,0.0,0,0,0,0,2
ROAD CONSTRUCTION/MAINTENANCE,RAIN,OTHER,4,0.0,0,0,0,0,14
UNABLE TO DETERMINE,RAIN,UNKNOWN,1353,0.0022172949002217295,3,41,292,138,3005
DISREGARDING TRAFFIC SIGNALS,CLEAR,WORN SURFACE,57,0.0,0,4,19,10,160
FAILING TO YIELD RIGHT-OF-WAY,RAIN,NO DEFECTS,3920,0.0012755102040816326,5,195,1232,594,8497
EQUIPMENT - VEHICLE CONDITION,RAIN,UNKNOWN,14,0.0,0,0,2,0,28
"VISION OBSCURED (SIGNS, TREE LIMBS, BUILDINGS, ETC.)",RAIN,"RUT, HOLES",3,0.0,0,0,0,1,6
EXCEEDING SAFE SPEED FOR CONDITIONS,OTHER,UNKNOWN,1,0.0,0,0,0,0,1
IMPROPER BACKING,FREEZING RAIN/DRIZZLE,NO DEFECTS,3,0.0,0,0,0,0,8
"OPERATING VEHICLE IN ERRATIC, RECKLESS, CARELESS, NEGLIGENT OR AGGRESSIVE MANNER",CLEAR,UNKNOWN,145,0.013793103448275862,2,9,52,14,319
"VISION OBSCURED (SIGNS, TREE LIMBS, BUILDINGS, ETC.)",RAIN,WORN SURFACE,4,0.0,0,0,1,1,7
UNABLE TO DETERMINE,CLOUDY/OVERCAST,"RUT, HOLES",12,0.0,0,1,6,4,22
DRIVING ON WRONG SIDE/WRONG WAY,UNKNOWN,NO DEFECTS,5,0.0,0,0,2,0,11
FOLLOWING TOO CLOSELY,BLOWING SNOW,NO DEFECTS,6,0.0,0,0,0,0,13
CELL PHONE USE OTHER THAN TEXTING,CLEAR,NO DEFECTS,183,0.0,0,12,39,29,372
FAILING TO YIELD RIGHT-OF-WAY,CLEAR,"RUT, HOLES",53,0.0,0,2,6,6,133
DISTRACTION - FROM INSIDE VEHICLE,FOG/SMOKE/HAZE,UNKNOWN,1,0.0,0,0,0,1,1
EQUIPMENT - VEHICLE CONDITION,CLEAR,WORN SURFACE,3,0.0,0,0,0,1,6
UNABLE TO DETERMINE,FREEZING RAIN/DRIZZLE,NO DEFECTS,102,0.0,0,7,19,14,218
IMPROPER TURNING/NO SIGNAL,SNOW,WORN SURFACE,1,0.0,0,0,0,1,1
FOLLOWING TOO CLOSELY,UNKNOWN,OTHER,3,0.0,0,0,0,0,6
EXCEEDING AUTHORIZED SPEED LIMIT,SNOW,NO DEFECTS,13,0.0,0,1,2,3,31
FOLLOWING TOO CLOSELY,CLEAR,"RUT, HOLES",40,0.0,0,0,4,5,96
DISREGARDING YIELD SIGN,RAIN,UNKNOWN,1,0.0,0,0,0,1,1
FAILING TO YIELD RIGHT-OF-WAY,UNKNOWN,UNKNOWN,413,0.0,0,10,70,38,828
DRIVING ON WRONG SIDE/WRONG WAY,SNOW,NO DEFECTS,27,0.0,0,1,12,1,63
DISTRACTION - FROM INSIDE VEHICLE,OTHER,UNKNOWN,1,0.0,0,1,0,0,2
UNABLE TO DETERMINE,UNKNOWN,WORN SURFACE,5,0.0,0,0,1,4,10
UNABLE TO DETERMINE,UNKNOWN,"RUT, HOLES",6,0.0,0,0,0,0,9
WEATHER,SNOW,SHOULDER DEFECT,2,0.0,0,0,0,0,4
ROAD ENGINEERING/SURFACE/MARKING DEFECTS,CLEAR,UNKNOWN,9,0.0,0,0,0,0,19
EQUIPMENT - VEHICLE CONDITION,CLEAR,UNKNOWN,62,0.0,0,6,27,6,132
FOLLOWING TOO CLOSELY,CLEAR,DEBRIS ON ROADWAY,8,0.0,0,0,0,2,21
IMPROPER LANE USAGE,FREEZING RAIN/DRIZZLE,UNKNOWN,5,0.0,0,0,0,1,16
RELATED TO BUS STOP,UNKNOWN,UNKNOWN,1,0.0,0,0,0,1,2
HAD BEEN DRINKING (USE WHEN ARREST IS NOT MADE),CLEAR,OTHER,1,0.0,0,0,0,0,2
DISREGARDING OTHER TRAFFIC SIGNS,SLEET/HAIL,UNKNOWN,1,0.0,0,0,1,0,1
FAILING TO REDUCE SPEED TO AVOID CRASH,RAIN,SHOULDER DEFECT,2,0.0,0,0,1,0,5
PHYSICAL CONDITION OF DRIVER,UNKNOWN,UNKNOWN,6,0.0,0,0,2,4,15
FAILING TO YIELD RIGHT-OF-WAY,OTHER,UNKNOWN,28,0.0,0,2,8,5,68
RELATED TO BUS STOP,CLEAR,NO DEFECTS,58,0.017241379310344827,1,4,11,9,118
DISREGARDING TRAFFIC SIGNALS,RAIN,NO DEFECTS,1220,0.004098360655737705,5,76,538,261,2763
UNABLE TO DETERMINE,SLEET/HAIL,UNKNOWN,13,0.0,0,0,6,5,28
UNABLE TO DETERMINE,CLEAR,SHOULDER DEFECT,71,0.0,0,8,13,6,143
NOT APPLICABLE,RAIN,NO DEFECTS,361,0.008310249307479225,3,20,81,55,722
"VISION OBSCURED (SIGNS, TREE LIMBS, BUILDINGS, ETC.)",RAIN,NO DEFECTS,128,0.0,0,11,37,22,251
"EVASIVE ACTION DUE TO ANIMAL, OBJECT, NONMOTORIST",OTHER,OTHER,1,0.0,0,0,1,0,1
WEATHER,SLEET/HAIL,SHOULDER DEFECT,1,0.0,0,0,0,0,1
FAILING TO YIELD RIGHT-OF-WAY,SNOW,NO DEFECTS,956,0.0,0,30,238,158,2152
EQUIPMENT - VEHICLE CONDITION,CLEAR,DEBRIS ON ROADWAY,2,0.0,0,0,0,0,4
FAILING TO YIELD RIGHT-OF-WAY,FOG/SMOKE/HAZE,UNKNOWN,12,0.0,0,0,1,4,28
WEATHER,SEVERE CROSS WIND GATE,NO DEFECTS,3,0.0,0,0,0,0,4
IMPROPER LANE USAGE,CLEAR,"RUT, HOLES",10,0.0,0,0,0,0,20
UNDER THE INFLUENCE OF ALCOHOL/DRUGS (USE WHEN ARREST IS EFFECTED),FREEZING RAIN/DRIZZLE,NO DEFECTS,1,0.0,0,0,3,0,2
IMPROPER OVERTAKING/PASSING,CLEAR,"RUT, HOLES",15,0.0,0,1,0,0,37
ROAD ENGINEERING/SURFACE/MARKING DEFECTS,CLEAR,WORN SURFACE,5,0.0,0,0,1,0,7
PHYSICAL CONDITION OF DRIVER,CLEAR,UNKNOWN,50,0.02,1,4,26,7,81
FAILING TO REDUCE SPEED TO AVOID CRASH,CLEAR,"RUT, HOLES",43,0.0,0,3,3,15,99
IMPROPER OVERTAKING/PASSING,RAIN,UNKNOWN,112,0.0,0,2,15,13,276
"DISTRACTION - OTHER ELECTRONIC DEVICE (NAVIGATION DEVICE, DVD PLAYER, ETC.)",SNOW,"RUT, HOLES",1,0.0,0,0,0,0,2
TURNING RIGHT ON RED,SNOW,UNKNOWN,6,0.0,0,0,0,1,15
CELL PHONE USE OTHER THAN TEXTING,CLEAR,OTHER,3,0.0,0,0,0,0,6
DISREGARDING STOP SIGN,CLEAR,DEBRIS ON ROADWAY,1,0.0,0,0,0,0,1
FAILING TO REDUCE SPEED TO AVOID CRASH,CLOUDY/OVERCAST,WORN SURFACE,5,0.0,0,1,4,0,16
EXCEEDING AUTHORIZED SPEED LIMIT,CLOUDY/OVERCAST,UNKNOWN,1,0.0,0,0,0,0,2
NOT APPLICABLE,FOG/SMOKE/HAZE,NO DEFECTS,6,0.0,0,0,4,1,8
FOLLOWING TOO CLOSELY,SNOW,NO DEFECTS,514,0.0,0,1,29,47,1219
OBSTRUCTED CROSSWALKS,CLOUDY/OVERCAST,NO DEFECTS,2,0.0,0,0,1,0,3
ROAD ENGINEERING/SURFACE/MARKING DEFECTS,OTHER,UNKNOWN,2,0.0,0,0,0,0,8
DISREGARDING TRAFFIC SIGNALS,FOG/SMOKE/HAZE,NO DEFECTS,22,0.0,0,0,7,3,45
RELATED TO BUS STOP,SNOW,NO DEFECTS,2,0.0,0,0,0,0,7
DISREGARDING ROAD MARKINGS,SNOW,NO DEFECTS,5,0.0,0,0,3,0,8
HAD BEEN DRINKING (USE WHEN ARREST IS NOT MADE),SNOW,NO DEFECTS,3,0.0,0,0,1,0,8
IMPROPER TURNING/NO SIGNAL,OTHER,NO DEFECTS,22,0.0,0,2,3,9,47
DISREGARDING ROAD MARKINGS,RAIN,SHOULDER DEFECT,1,0.0,0,0,0,0,2
DISTRACTION - FROM INSIDE VEHICLE,FREEZING RAIN/DRIZZLE,NO DEFECTS,1,0.0,0,0,0,1,1
DRIVING ON WRONG SIDE/WRONG WAY,CLEAR,DEBRIS ON ROADWAY,2,0.0,0,0,1,0,5
DISREGARDING STOP SIGN,SLEET/HAIL,UNKNOWN,1,0.0,0,0,0,1,3
ROAD CONSTRUCTION/MAINTENANCE,SNOW,"RUT, HOLES",2,0.0,0,0,0,0,2
CELL PHONE USE OTHER THAN TEXTING,SNOW,UNKNOWN,1,0.0,0,0,0,0,4
WEATHER,SNOW,"RUT, HOLES",9,0.0,0,0,0,2,20
"VISION OBSCURED (SIGNS, TREE LIMBS, BUILDINGS, ETC.)",FREEZING RAIN/DRIZZLE,NO DEFECTS,3,0.0,0,1,1,0,6
DISREGARDING YIELD SIGN,UNKNOWN,UNKNOWN,2,0.0,0,0,1,0,3
ROAD ENGINEERING/SURFACE/MARKING DEFECTS,RAIN,"RUT, HOLES",5,0.0,0,0,0,0,7
DISREGARDING OTHER TRAFFIC SIGNS,SNOW,OTHER,1,0.0,0,0,0,1,2
EQUIPMENT - VEHICLE CONDITION,CLEAR,NO DEFECTS,658,0.00303951367781155,2,25,170,105,1426
WEATHER,CLEAR,NO DEFECTS,290,0.0034482758620689655,1,9,35,26,614
DISREGARDING TRAFFIC SIGNALS,RAIN,UNKNOWN,234,0.01282051282051282,3,21,106,59,548
IMPROPER OVERTAKING/PASSING,CLEAR,NO DEFECTS,5969,0.0013402579996649355,8,82,543,326,14543
PHYSICAL CONDITION OF DRIVER,CLEAR,NO DEFECTS,566,0.0176678445229682,10,67,258,113,980
IMPROPER LANE USAGE,SNOW,UNKNOWN,17,0.0,0,0,1,1,54
DISREGARDING STOP SIGN,CLEAR,SHOULDER DEFECT,15,0.0,0,2,5,2,33
EXCEEDING AUTHORIZED SPEED LIMIT,RAIN,UNKNOWN,3,0.3333333333333333,1,0,3,0,8
FAILING TO YIELD RIGHT-OF-WAY,CLOUDY/OVERCAST,WORN SURFACE,16,0.0,0,0,10,3,33
UNABLE TO DETERMINE,CLEAR,OTHER,158,0.0,0,6,23,18,336
NOT APPLICABLE,FREEZING RAIN/DRIZZLE,NO DEFECTS,9,0.0,0,3,1,0,15
FAILING TO YIELD RIGHT-OF-WAY,SLEET/HAIL,NO DEFECTS,55,0.0,0,5,18,9,113
DRIVING SKILLS/KNOWLEDGE/EXPERIENCE,UNKNOWN,NO DEFECTS,20,0.0,0,0,3,0,39
IMPROPER OVERTAKING/PASSING,SLEET/HAIL,UNKNOWN,2,0.0,0,0,0,0,5
FAILING TO YIELD RIGHT-OF-WAY,SNOW,SHOULDER DEFECT,4,0.0,0,0,1,1,10
UNABLE TO DETERMINE,FOG/SMOKE/HAZE,UNKNOWN,18,0.0,0,0,3,8,37
DRIVING ON WRONG SIDE/WRONG WAY,RAIN,UNKNOWN,14,0.07142857142857142,1,0,11,1,27
DISREGARDING TRAFFIC SIGNALS,FOG/SMOKE/HAZE,UNKNOWN,6,0.0,0,0,1,6,11
IMPROPER TURNING/NO SIGNAL,SNOW,DEBRIS ON ROADWAY,1,0.0,0,0,0,0,1
FAILING TO REDUCE SPEED TO AVOID CRASH,RAIN,NO DEFECTS,1055,0.002843601895734597,3,51,282,159,2446
"EVASIVE ACTION DUE TO ANIMAL, OBJECT, NONMOTORIST",CLEAR,UNKNOWN,23,0.0,0,0,7,3,44
"VISION OBSCURED (SIGNS, TREE LIMBS, BUILDINGS, ETC.)",OTHER,UNKNOWN,1,0.0,0,1,0,0,1
"VISION OBSCURED (SIGNS, TREE LIMBS, BUILDINGS, ETC.)",CLEAR,NO DEFECTS,1320,0.0,0,85,416,159,2659
DISREGARDING STOP SIGN,UNKNOWN,NO DEFECTS,24,0.0,0,0,4,1,54
IMPROPER BACKING,CLOUDY/OVERCAST,WORN SURFACE,1,0.0,0,0,0,0,2
IMPROPER LANE USAGE,CLEAR,OTHER,28,0.0,0,0,4,3,69
DISREGARDING OTHER TRAFFIC SIGNS,SNOW,UNKNOWN,5,0.0,0,0,3,0,12
DISTRACTION - FROM OUTSIDE VEHICLE,RAIN,UNKNOWN,6,0.0,0,0,1,0,12
"OPERATING VEHICLE IN ERRATIC, RECKLESS, CARELESS, NEGLIGENT OR AGGRESSIVE MANNER",CLEAR,SHOULDER DEFECT,4,0.0,0,0,1,1,10
IMPROPER OVERTAKING/PASSING,UNKNOWN,"RUT, HOLES",1,0.0,0,0,0,0,2
ROAD CONSTRUCTION/MAINTENANCE,CLEAR,DEBRIS ON ROADWAY,13,0.0,0,0,2,0,26
OBSTRUCTED CROSSWALKS,CLEAR,UNKNOWN,4,0.0,0,0,0,1,11
NOT APPLICABLE,CLOUDY/OVERCAST,OTHER,1,0.0,0,0,0,0,2
"OPERATING VEHICLE IN ERRATIC, RECKLESS, CARELESS, NEGLIGENT OR AGGRESSIVE MANNER",CLEAR,NO DEFECTS,1368,0.009502923976608187,13,131,524,198,3259
DISREGARDING OTHER TRAFFIC SIGNS,UNKNOWN,UNKNOWN,15,0.0,0,2,3,0,36
IMPROPER BACKING,CLEAR,SHOULDER DEFECT,5,0.0,0,0,0,1,9
FAILING TO REDUCE SPEED TO AVOID CRASH,RAIN,WORN SURFACE,3,0.0,0,0,2,0,4
IMPROPER OVERTAKING/PASSING,CLEAR,SHOULDER DEFECT,9,0.0,0,0,0,0,21
IMPROPER BACKING,OTHER,UNKNOWN,1,0.0,0,0,0,0,2
IMPROPER LANE USAGE,CLOUDY/OVERCAST,DEBRIS ON ROADWAY,1,0.0,0,0,0,0,2
FAILING TO REDUCE SPEED TO AVOID CRASH,SEVERE CROSS WIND GATE,NO DEFECTS,4,0.0,0,0,1,0,8
IMPROPER BACKING,SLEET/HAIL,NO DEFECTS,4,0.0,0,0,0,1,8
PHYSICAL CONDITION OF DRIVER,CLEAR,SHOULDER DEFECT,2,0.0,0,0,0,0,2
IMPROPER LANE USAGE,RAIN,NO DEFECTS,457,0.0,0,7,26,25,1087
DISREGARDING TRAFFIC SIGNALS,CLEAR,SHOULDER DEFECT,25,0.0,0,5,10,11,41
"VISION OBSCURED (SIGNS, TREE LIMBS, BUILDINGS, ETC.)",OTHER,NO DEFECTS,10,0.0,0,1,2,1,17
NOT APPLICABLE,UNKNOWN,OTHER,2,0.0,0,0,0,0,3
FAILING TO REDUCE SPEED TO AVOID CRASH,SNOW,OTHER,2,0.0,0,0,0,0,5
DISREGARDING TRAFFIC SIGNALS,SNOW,NO DEFECTS,338,0.0,0,24,121,51,781
UNABLE TO DETERMINE,SNOW,SHOULDER DEFECT,4,0.0,0,0,0,0,11
FOLLOWING TOO CLOSELY,CLOUDY/OVERCAST,NO DEFECTS,602,0.0,0,14,62,68,1506
"DISTRACTION - OTHER ELECTRONIC DEVICE (NAVIGATION DEVICE, DVD PLAYER, ETC.)",CLEAR,UNKNOWN,10,0.0,0,1,3,2,21
DISREGARDING STOP SIGN,FOG/SMOKE/HAZE,NO DEFECTS,8,0.0,0,1,1,0,18
DISTRACTION - FROM INSIDE VEHICLE,CLEAR,OTHER,7,0.0,0,0,4,0,11
DISREGARDING TRAFFIC SIGNALS,FREEZING RAIN/DRIZZLE,NO DEFECTS,28,0.0,0,0,13,6,66
DISREGARDING OTHER TRAFFIC SIGNS,SLEET/HAIL,NO DEFECTS,1,0.0,0,0,4,0,1
DISREGARDING STOP SIGN,RAIN,UNKNOWN,95,0.0,0,4,26,12,214
UNABLE TO DETERMINE,FREEZING RAIN/DRIZZLE,UNKNOWN,35,0.0,0,0,8,4,84
ROAD CONSTRUCTION/MAINTENANCE,SNOW,OTHER,2,0.0,0,0,0,0,2
IMPROPER LANE USAGE,CLOUDY/OVERCAST,"RUT, HOLES",1,0.0,0,0,0,0,2
IMPROPER OVERTAKING/PASSING,CLOUDY/OVERCAST,OTHER,3,0.0,0,0,0,0,5
DISREGARDING ROAD MARKINGS,FREEZING RAIN/DRIZZLE,NO DEFECTS,1,0.0,0,0,0,0,2
NOT APPLICABLE,RAIN,OTHER,5,0.0,0,0,1,1,6
DRIVING SKILLS/KNOWLEDGE/EXPERIENCE,CLOUDY/OVERCAST,"RUT, HOLES",3,0.0,0,0,0,0,8
IMPROPER LANE USAGE,BLOWING SNOW,UNKNOWN,1,0.0,0,0,1,0,3
IMPROPER LANE USAGE,CLEAR,UNKNOWN,629,0.0,0,5,37,37,1482
FAILING TO YIELD RIGHT-OF-WAY,CLEAR,NO DEFECTS,30436,0.0016756472598238928,51,1629,9027,4373,67074
FOLLOWING TOO CLOSELY,CLEAR,NO DEFECTS,13423,0.0,0,151,1082,1383,32294
UNDER THE INFLUENCE OF ALCOHOL/DRUGS (USE WHEN ARREST IS EFFECTED),CLEAR,UNKNOWN,69,0.0,0,15,23,13,167
FAILING TO REDUCE SPEED TO AVOID CRASH,OTHER,NO DEFECTS,30,0.0,0,0,8,2,90
FAILING TO REDUCE SPEED TO AVOID CRASH,CLOUDY/OVERCAST,SHOULDER DEFECT,1,0.0,0,0,0,0,2
NOT APPLICABLE,UNKNOWN,WORN SURFACE,1,0.0,0,0,0,0,2
PHYSICAL CONDITION OF DRIVER,CLOUDY/OVERCAST,OTHER,1,0.0,0,1,0,0,0
ROAD ENGINEERING/SURFACE/MARKING DEFECTS,OTHER,NO DEFECTS,1,0.0,0,0,0,0,2
IMPROPER BACKING,CLEAR,UNKNOWN,208,0.0,0,0,8,5,497
IMPROPER LANE USAGE,RAIN,UNKNOWN,69,0.0,0,1,6,6,163
FAILING TO REDUCE SPEED TO AVOID CRASH,UNKNOWN,NO DEFECTS,33,0.0,0,0,7,3,71
"EVASIVE ACTION DUE TO ANIMAL, OBJECT, NONMOTORIST",CLEAR,DEBRIS ON ROADWAY,2,0.0,0,0,0,0,3
OBSTRUCTED CROSSWALKS,RAIN,NO DEFECTS,1,0.0,0,0,0,0,2
DISREGARDING TRAFFIC SIGNALS,CLOUDY/OVERCAST,WORN SURFACE,4,0.0,0,0,3,0,12
WEATHER,SLEET/HAIL,UNKNOWN,6,0.0,0,0,1,0,11
DISREGARDING OTHER TRAFFIC SIGNS,UNKNOWN,NO DEFECTS,5,0.0,0,0,1,0,9
FAILING TO REDUCE SPEED TO AVOID CRASH,BLOWING SNOW,OTHER,1,0.0,0,0,0,0,2
FOLLOWING TOO CLOSELY,CLOUDY/OVERCAST,SHOULDER DEFECT,1,0.0,0,0,0,0,2
PHYSICAL CONDITION OF DRIVER,CLEAR,"RUT, HOLES",2,0.0,0,0,0,0,9
IMPROPER OVERTAKING/PASSING,SLEET/HAIL,NO DEFECTS,9,0.0,0,1,0,1,21
DISREGARDING TRAFFIC SIGNALS,RAIN,"RUT, HOLES",4,0.0,0,0,0,5,7
IMPROPER TURNING/NO SIGNAL,SEVERE CROSS WIND GATE,NO DEFECTS,1,0.0,0,0,0,0,2
"OPERATING VEHICLE IN ERRATIC, RECKLESS, CARELESS, NEGLIGENT OR AGGRESSIVE MANNER",OTHER,UNKNOWN,1,0.0,0,0,0,0,2
DISREGARDING TRAFFIC SIGNALS,CLOUDY/OVERCAST,DEBRIS ON ROADWAY,2,0.0,0,0,3,0,2
"VISION OBSCURED (SIGNS, TREE LIMBS, BUILDINGS, ETC.)",SNOW,UNKNOWN,1,0.0,0,0,0,0,2
IMPROPER OVERTAKING/PASSING,SNOW,"RUT, HOLES",1,0.0,0,0,0,0,2
FOLLOWING TOO CLOSELY,SNOW,UNKNOWN,105,0.0,0,0,4,18,253
DISREGARDING STOP SIGN,CLEAR,NO DEFECTS,4785,0.0018808777429467085,9,281,1620,867,10585
NOT APPLICABLE,CLOUDY/OVERCAST,NO DEFECTS,77,0.0,0,3,19,2,152
EXCEEDING AUTHORIZED SPEED LIMIT,RAIN,NO DEFECTS,29,0.034482758620689655,1,4,12,4,96
DISREGARDING TRAFFIC SIGNALS,RAIN,SHOULDER DEFECT,4,0.25,1,0,0,1,9
EXCEEDING SAFE SPEED FOR CONDITIONS,CLEAR,WORN SURFACE,2,0.0,0,0,0,1,3
BICYCLE ADVANCING LEGALLY ON RED LIGHT,CLEAR,WORN SURFACE,1,0.0,0,0,0,0,4
DRIVING ON WRONG SIDE/WRONG WAY,CLEAR,NO DEFECTS,854,0.00351288056206089,3,76,368,128,1856
WEATHER,RAIN,WORN SURFACE,12,0.0,0,0,3,1,32
DISTRACTION - FROM INSIDE VEHICLE,UNKNOWN,UNKNOWN,15,0.0,0,0,3,2,34
DISTRACTION - FROM INSIDE VEHICLE,RAIN,WORN SURFACE,1,0.0,0,0,0,0,3
EXCEEDING AUTHORIZED SPEED LIMIT,CLEAR,NO DEFECTS,291,0.03436426116838488,10,48,110,39,578
DRIVING ON WRONG SIDE/WRONG WAY,UNKNOWN,WORN SURFACE,1,0.0,0,0,0,0,2
"VISION OBSCURED (SIGNS, TREE LIMBS, BUILDINGS, ETC.)",SNOW,WORN SURFACE,1,0.0,0,0,0,0,1
OBSTRUCTED CROSSWALKS,SNOW,NO DEFECTS,2,0.0,0,0,1,1,2
UNDER THE INFLUENCE OF ALCOHOL/DRUGS (USE WHEN ARREST IS EFFECTED),UNKNOWN,UNKNOWN,4,0.0,0,0,0,2,12
FAILING TO REDUCE SPEED TO AVOID CRASH,CLOUDY/OVERCAST,NO DEFECTS,390,0.0,0,20,76,91,898
EXCEEDING AUTHORIZED SPEED LIMIT,CLOUDY/OVERCAST,OTHER,1,0.0,0,0,0,0,2
UNABLE TO DETERMINE,UNKNOWN,OTHER,14,0.0,0,0,2,3,23
DISTRACTION - FROM INSIDE VEHICLE,SNOW,OTHER,1,0.0,0,0,0,0,6
UNDER THE INFLUENCE OF ALCOHOL/DRUGS (USE WHEN ARREST IS EFFECTED),SLEET/HAIL,NO DEFECTS,2,0.0,0,0,0,1,4
NOT APPLICABLE,OTHER,NO DEFECTS,9,0.0,0,2,2,3,19
ROAD CONSTRUCTION/MAINTENANCE,UNKNOWN,OTHER,2,0.0,0,0,1,0,1
FAILING TO YIELD RIGHT-OF-WAY,SEVERE CROSS WIND GATE,UNKNOWN,1,0.0,0,0,0,0,2
UNABLE TO DETERMINE,CLEAR,NO DEFECTS,36021,0.0016934565947641653,61,1159,6607,4027,79227
PHYSICAL CONDITION OF DRIVER,CLEAR,WORN SURFACE,9,0.1111111111111111,1,2,4,0,23
UNABLE TO DETERMINE,SNOW,UNKNOWN,428,0.0,0,6,69,42,907
EQUIPMENT - VEHICLE CONDITION,FOG/SMOKE/HAZE,NO DEFECTS,1,0.0,0,0,0,0,8
ANIMAL,SLEET/HAIL,NO DEFECTS,1,0.0,0,0,0,0,7
IMPROPER TURNING/NO SIGNAL,CLEAR,UNKNOWN,1252,0.0,0,19,190,96,2998
FAILING TO YIELD RIGHT-OF-WAY,RAIN,UNKNOWN,687,0.0,0,15,228,119,1510
ROAD ENGINEERING/SURFACE/MARKING DEFECTS,UNKNOWN,UNKNOWN,1,0.0,0,0,0,0,1
NOT APPLICABLE,CLEAR,DEBRIS ON ROADWAY,4,0.0,0,0,0,0,5
WEATHER,BLOWING SNOW,NO DEFECTS,16,0.0,0,1,0,5,45
"EVASIVE ACTION DUE TO ANIMAL, OBJECT, NONMOTORIST",FOG/SMOKE/HAZE,NO DEFECTS,2,0.0,0,0,0,0,3
DISTRACTION - FROM INSIDE VEHICLE,CLEAR,NO DEFECTS,941,0.0,0,22,183,116,2378
IMPROPER BACKING,SNOW,NO DEFECTS,47,0.0,0,0,2,0,115
EQUIPMENT - VEHICLE CONDITION,CLEAR,"RUT, HOLES",2,0.0,0,0,0,0,4
TEXTING,UNKNOWN,UNKNOWN,1,0.0,0,0,0,0,2
UNDER THE INFLUENCE OF ALCOHOL/DRUGS (USE WHEN ARREST IS EFFECTED),FOG/SMOKE/HAZE,NO DEFECTS,1,0.0,0,0,0,0,2
ROAD CONSTRUCTION/MAINTENANCE,CLEAR,OTHER,66,0.0,0,1,11,7,123
EQUIPMENT - VEHICLE CONDITION,SNOW,UNKNOWN,8,0.0,0,0,2,0,21
IMPROPER BACKING,FOG/SMOKE/HAZE,NO DEFECTS,3,0.0,0,0,0,0,5
HAD BEEN DRINKING (USE WHEN ARREST IS NOT MADE),RAIN,NO DEFECTS,15,0.0,0,1,4,3,33
ROAD ENGINEERING/SURFACE/MARKING DEFECTS,UNKNOWN,"RUT, HOLES",5,0.0,0,0,0,0,8
"OPERATING VEHICLE IN ERRATIC, RECKLESS, CARELESS, NEGLIGENT OR AGGRESSIVE MANNER",UNKNOWN,NO DEFECTS,7,0.0,0,0,1,0,10
ROAD ENGINEERING/SURFACE/MARKING DEFECTS,SNOW,OTHER,1,0.0,0,0,0,0,2
"VISION OBSCURED (SIGNS, TREE LIMBS, BUILDINGS, ETC.)",RAIN,OTHER,3,0.0,0,0,0,0,10
DISREGARDING ROAD MARKINGS,CLEAR,UNKNOWN,29,0.0,0,1,7,3,62
UNABLE TO DETERMINE,FOG/SMOKE/HAZE,NO DEFECTS,61,0.01639344262295082,1,1,16,18,132
EXCEEDING SAFE SPEED FOR CONDITIONS,RAIN,WORN SURFACE,2,0.0,0,0,0,0,3
IMPROPER TURNING/NO SIGNAL,RAIN,SHOULDER DEFECT,2,0.0,0,1,0,0,3
DISTRACTION - FROM INSIDE VEHICLE,SLEET/HAIL,NO DEFECTS,1,0.0,0,0,0,0,2
FAILING TO REDUCE SPEED TO AVOID CRASH,CLOUDY/OVERCAST,"RUT, HOLES",9,0.0,0,0,1,5,24
DISTRACTION - FROM OUTSIDE VEHICLE,CLOUDY/OVERCAST,UNKNOWN,3,0.0,0,0,0,1,5
NOT APPLICABLE,UNKNOWN,UNKNOWN,311,0.0,0,2,15,13,644
IMPROPER TURNING/NO SIGNAL,RAIN,WORN SURFACE,2,0.0,0,0,0,2,3
DRIVING SKILLS/KNOWLEDGE/EXPERIENCE,RAIN,DEBRIS ON ROADWAY,1,0.0,0,0,0,0,2
DRIVING ON WRONG SIDE/WRONG WAY,OTHER,NO DEFECTS,3,0.0,0,0,1,0,7
DISREGARDING STOP SIGN,CLEAR,WORN SURFACE,14,0.0,0,2,7,6,17
WEATHER,RAIN,OTHER,11,0.0,0,1,4,0,18
UNABLE TO DETERMINE,BLOWING SNOW,UNKNOWN,15,0.0,0,0,3,2,32
UNABLE TO DETERMINE,FREEZING RAIN/DRIZZLE,WORN SURFACE,1,0.0,0,0,1,0,1
UNDER THE INFLUENCE OF ALCOHOL/DRUGS (USE WHEN ARREST IS EFFECTED),CLEAR,DEBRIS ON ROADWAY,1,0.0,0,0,1,0,0
DISREGARDING STOP SIGN,SNOW,OTHER,1,0.0,0,0,0,0,3
ROAD CONSTRUCTION/MAINTENANCE,SNOW,NO DEFECTS,2,0.0,0,0,0,0,3
WEATHER,SNOW,WORN SURFACE,10,0.0,0,0,2,2,20
DISREGARDING OTHER TRAFFIC SIGNS,RAIN,UNKNOWN,24,0.0,0,4,19,1,44
TURNING RIGHT ON RED,SNOW,NO DEFECTS,10,0.0,0,0,5,1,23
ANIMAL,RAIN,UNKNOWN,1,0.0,0,0,0,0,2
"OPERATING VEHICLE IN ERRATIC, RECKLESS, CARELESS, NEGLIGENT OR AGGRESSIVE MANNER",CLOUDY/OVERCAST,NO DEFECTS,61,0.01639344262295082,1,3,15,9,139
PASSING STOPPED SCHOOL BUS,CLEAR,WORN SURFACE,1,0.0,0,0,0,0,2
FAILING TO REDUCE SPEED TO AVOID CRASH,SNOW,"RUT, HOLES",2,0.0,0,0,0,1,4
WEATHER,SNOW,DEBRIS ON ROADWAY,4,0.0,0,0,2,0,7
IMPROPER TURNING/NO SIGNAL,SNOW,UNKNOWN,63,0.0,0,0,12,5,161
DRIVING SKILLS/KNOWLEDGE/EXPERIENCE,OTHER,NO DEFECTS,13,0.0,0,0,4,2,24
DISTRACTION - FROM INSIDE VEHICLE,SNOW,UNKNOWN,5,0.0,0,0,0,0,9
IMPROPER LANE USAGE,SLEET/HAIL,UNKNOWN,1,0.0,0,0,2,0,1
FOLLOWING TOO CLOSELY,SNOW,WORN SURFACE,2,0.0,0,0,0,0,6
WEATHER,OTHER,NO DEFECTS,37,0.0,0,2,7,7,72
UNDER THE INFLUENCE OF ALCOHOL/DRUGS (USE WHEN ARREST IS EFFECTED),CLEAR,SHOULDER DEFECT,1,0.0,0,1,0,0,0
IMPROPER OVERTAKING/PASSING,RAIN,WORN SURFACE,3,0.0,0,0,0,0,11
MOTORCYCLE ADVANCING LEGALLY ON RED LIGHT,CLEAR,NO DEFECTS,6,0.0,0,0,5,0,10
DISTRACTION - FROM OUTSIDE VEHICLE,SNOW,UNKNOWN,1,0.0,0,0,0,0,1
DISREGARDING TRAFFIC SIGNALS,RAIN,OTHER,2,0.0,0,0,0,0,4
UNABLE TO DETERMINE,CLOUDY/OVERCAST,NO DEFECTS,1398,0.001430615164520744,2,38,239,169,3069
UNABLE TO DETERMINE,RAIN,"RUT, HOLES",24,0.0,0,0,3,3,49
WEATHER,OTHER,WORN SURFACE,1,0.0,0,0,0,0,2
UNABLE TO DETERMINE,UNKNOWN,DEBRIS ON ROADWAY,1,0.0,0,0,0,0,3
IMPROPER LANE USAGE,CLOUDY/OVERCAST,OTHER,1,0.0,0,0,0,0,2
IMPROPER LANE USAGE,OTHER,UNKNOWN,2,0.0,0,0,0,0,5
IMPROPER LANE USAGE,FOG/SMOKE/HAZE,WORN SURFACE,1,0.0,0,0,0,0,1
DISREGARDING STOP SIGN,CLOUDY/OVERCAST,UNKNOWN,31,0.0,0,1,11,3,65
EQUIPMENT - VEHICLE CONDITION,CLEAR,OTHER,2,0.0,0,0,0,0,6
DRIVING ON WRONG SIDE/WRONG WAY,FOG/SMOKE/HAZE,NO DEFECTS,4,0.0,0,0,0,1,8
UNDER THE INFLUENCE OF ALCOHOL/DRUGS (USE WHEN ARREST IS EFFECTED),RAIN,UNKNOWN,17,0.0,0,1,7,5,39
IMPROPER LANE USAGE,SNOW,"RUT, HOLES",1,0.0,0,0,0,0,2
"OPERATING VEHICLE IN ERRATIC, RECKLESS, CARELESS, NEGLIGENT OR AGGRESSIVE MANNER",RAIN,NO DEFECTS,144,0.020833333333333332,3,11,57,14,303
DRIVING SKILLS/KNOWLEDGE/EXPERIENCE,CLEAR,DEBRIS ON ROADWAY,3,0.0,0,0,0,0,11
FOLLOWING TOO CLOSELY,RAIN,"RUT, HOLES",2,0.0,0,0,0,0,8
TURNING RIGHT ON RED,CLEAR,WORN SURFACE,3,0.0,0,0,3,0,6
EQUIPMENT - VEHICLE CONDITION,CLOUDY/OVERCAST,WORN SURFACE,1,0.0,0,0,0,0,1
NOT APPLICABLE,SNOW,NO DEFECTS,102,0.0,0,5,16,11,195
IMPROPER BACKING,CLEAR,"RUT, HOLES",4,0.0,0,0,0,0,13
BICYCLE ADVANCING LEGALLY ON RED LIGHT,CLEAR,NO DEFECTS,23,0.0,0,5,6,4,37
FAILING TO YIELD RIGHT-OF-WAY,RAIN,SHOULDER DEFECT,7,0.0,0,2,2,4,11
TURNING RIGHT ON RED,UNKNOWN,NO DEFECTS,3,0.0,0,0,1,0,5
FAILING TO YIELD RIGHT-OF-WAY,SNOW,UNKNOWN,166,0.0,0,5,40,15,394
DISREGARDING TRAFFIC SIGNALS,FOG/SMOKE/HAZE,WORN SURFACE,2,0.0,0,0,3,0,6
DISREGARDING STOP SIGN,CLOUDY/OVERCAST,NO DEFECTS,200,0.0,0,2,61,21,464
ROAD ENGINEERING/SURFACE/MARKING DEFECTS,CLEAR,NO DEFECTS,50,0.0,0,0,5,6,90
DISREGARDING TRAFFIC SIGNALS,CLEAR,DEBRIS ON ROADWAY,5,0.0,0,0,2,2,12
FAILING TO REDUCE SPEED TO AVOID CRASH,RAIN,DEBRIS ON ROADWAY,1,0.0,0,0,0,0,2
FOLLOWING TOO CLOSELY,SEVERE CROSS WIND GATE,NO DEFECTS,1,0.0,0,0,0,0,2
UNABLE TO DETERMINE,BLOWING SNOW,SHOULDER DEFECT,1,0.0,0,0,2,2,0
IMPROPER BACKING,RAIN,NO DEFECTS,155,0.0,0,0,7,4,383
DISREGARDING TRAFFIC SIGNALS,CLOUDY/OVERCAST,"RUT, HOLES",2,0.0,0,0,0,0,3
EXCEEDING AUTHORIZED SPEED LIMIT,SLEET/HAIL,NO DEFECTS,2,0.0,0,0,0,0,5
EQUIPMENT - VEHICLE CONDITION,OTHER,NO DEFECTS,1,0.0,0,0,0,0,3
UNABLE TO DETERMINE,CLEAR,WORN SURFACE,213,0.004694835680751174,1,11,51,46,477
"DISTRACTION - OTHER ELECTRONIC DEVICE (NAVIGATION DEVICE, DVD PLAYER, ETC.)",CLEAR,WORN SURFACE,1,0.0,0,0,1,0,1
NOT APPLICABLE,CLEAR,OTHER,33,0.0,0,0,2,2,52
EQUIPMENT - VEHICLE CONDITION,CLOUDY/OVERCAST,UNKNOWN,5,0.0,0,0,0,0,12
TURNING RIGHT ON RED,CLEAR,OTHER,1,0.0,0,0,0,0,2
RELATED TO BUS STOP,RAIN,NO DEFECTS,4,0.0,0,1,0,0,6
DISTRACTION - FROM OUTSIDE VEHICLE,RAIN,WORN SURFACE,1,0.0,0,0,0,0,1
DISREGARDING YIELD SIGN,SNOW,UNKNOWN,3,0.0,0,0,1,0,11
DISREGARDING OTHER TRAFFIC SIGNS,FOG/SMOKE/HAZE,NO DEFECTS,1,0.0,0,0,0,0,2
EQUIPMENT - VEHICLE CONDITION,RAIN,WORN SURFACE,2,0.0,0,0,0,1,4
TEXTING,RAIN,NO DEFECTS,5,0.0,0,0,1,1,9
PHYSICAL CONDITION OF DRIVER,OTHER,NO DEFECTS,1,0.0,0,0,0,0,1
FOLLOWING TOO CLOSELY,CLOUDY/OVERCAST,OTHER,4,0.0,0,0,0,0,10
"OPERATING VEHICLE IN ERRATIC, RECKLESS, CARELESS, NEGLIGENT OR AGGRESSIVE MANNER",CLOUDY/OVERCAST,UNKNOWN,12,0.0,0,0,5,0,27
UNABLE TO DETERMINE,BLOWING SNOW,WORN SURFACE,1,0.0,0,0,0,0,2
DISREGARDING STOP SIGN,FREEZING RAIN/DRIZZLE,UNKNOWN,2,0.0,0,0,0,0,4
CELL PHONE USE OTHER THAN TEXTING,CLEAR,"RUT, HOLES",1,0.0,0,0,0,0,5
IMPROPER OVERTAKING/PASSING,CLOUDY/OVERCAST,UNKNOWN,51,0.0,0,2,3,7,133
FAILING TO YIELD RIGHT-OF-WAY,CLEAR,OTHER,101,0.0,0,4,35,21,216
FAILING TO REDUCE SPEED TO AVOID CRASH,SNOW,UNKNOWN,58,0.0,0,2,19,7,122
DISTRACTION - FROM OUTSIDE VEHICLE,RAIN,NO DEFECTS,36,0.0,0,0,10,2,77
IMPROPER LANE USAGE,RAIN,WORN SURFACE,5,0.0,0,0,1,0,11
IMPROPER OVERTAKING/PASSING,CLEAR,OTHER,28,0.0,0,1,0,5,103
DRIVING SKILLS/KNOWLEDGE/EXPERIENCE,SLEET/HAIL,NO DEFECTS,3,0.0,0,0,1,2,4
TURNING RIGHT ON RED,UNKNOWN,UNKNOWN,5,0.0,0,2,1,0,8
EQUIPMENT - VEHICLE CONDITION,FREEZING RAIN/DRIZZLE,NO DEFECTS,2,0.0,0,0,0,0,3
PASSING STOPPED SCHOOL BUS,RAIN,UNKNOWN,1,0.0,0,0,0,0,2
"OPERATING VEHICLE IN ERRATIC, RECKLESS, CARELESS, NEGLIGENT OR AGGRESSIVE MANNER",RAIN,SHOULDER DEFECT,1,0.0,0,0,1,0,1
EXCEEDING SAFE SPEED FOR CONDITIONS,RAIN,UNKNOWN,11,0.0,0,0,2,0,23
DRIVING ON WRONG SIDE/WRONG WAY,RAIN,NO DEFECTS,102,0.0,0,2,31,14,240
DISTRACTION - FROM OUTSIDE VEHICLE,SNOW,NO DEFECTS,19,0.0,0,2,4,2,36
DISTRACTION - FROM OUTSIDE VEHICLE,OTHER,NO DEFECTS,1,0.0,0,0,0,0,2
FAILING TO YIELD RIGHT-OF-WAY,CLEAR,UNKNOWN,3642,8.237232289950577E-4,3,152,1053,501,8065
DISREGARDING ROAD MARKINGS,UNKNOWN,UNKNOWN,5,0.0,0,0,0,0,15
CELL PHONE USE OTHER THAN TEXTING,UNKNOWN,UNKNOWN,7,0.0,0,0,3,0,17
UNABLE TO DETERMINE,OTHER,UNKNOWN,64,0.0,0,2,11,8,128
"OPERATING VEHICLE IN ERRATIC, RECKLESS, CARELESS, NEGLIGENT OR AGGRESSIVE MANNER",CLEAR,DEBRIS ON ROADWAY,1,0.0,0,0,0,0,1
"OPERATING VEHICLE IN ERRATIC, RECKLESS, CARELESS, NEGLIGENT OR AGGRESSIVE MANNER",FOG/SMOKE/HAZE,NO DEFECTS,3,0.0,0,0,4,0,8
ANIMAL,CLOUDY/OVERCAST,NO DEFECTS,1,0.0,0,0,0,0,1
DISREGARDING STOP SIGN,SLEET/HAIL,NO DEFECTS,10,0.0,0,0,0,0,23
IMPROPER BACKING,RAIN,UNKNOWN,26,0.0,0,0,1,0,65
DISREGARDING STOP SIGN,RAIN,"RUT, HOLES",1,0.0,0,0,0,0,2
UNABLE TO DETERMINE,SNOW,NO DEFECTS,1165,8.583690987124463E-4,1,29,198,120,2504
IMPROPER OVERTAKING/PASSING,CLEAR,DEBRIS ON ROADWAY,2,0.0,0,0,0,0,4
ROAD CONSTRUCTION/MAINTENANCE,UNKNOWN,NO DEFECTS,1,0.0,0,0,0,1,0
ROAD CONSTRUCTION/MAINTENANCE,RAIN,WORN SURFACE,2,0.0,0,0,1,0,4
EXCEEDING SAFE SPEED FOR CONDITIONS,RAIN,NO DEFECTS,124,0.0,0,5,35,18,255
DISREGARDING TRAFFIC SIGNALS,FREEZING RAIN/DRIZZLE,WORN SURFACE,2,0.0,0,0,1,0,7
ROAD CONSTRUCTION/MAINTENANCE,CLOUDY/OVERCAST,"RUT, HOLES",1,0.0,0,0,0,0,1
DISREGARDING TRAFFIC SIGNALS,CLEAR,"RUT, HOLES",18,0.0,0,1,9,5,36
ROAD ENGINEERING/SURFACE/MARKING DEFECTS,CLOUDY/OVERCAST,DEBRIS ON ROADWAY,1,0.0,0,0,1,0,1
IMPROPER TURNING/NO SIGNAL,OTHER,SHOULDER DEFECT,1,0.0,0,0,3,0,0
IMPROPER LANE USAGE,CLEAR,NO DEFECTS,4686,0.0,0,54,385,231,11438
DISTRACTION - FROM OUTSIDE VEHICLE,UNKNOWN,DEBRIS ON ROADWAY,1,0.0,0,0,0,0,2
NOT APPLICABLE,CLOUDY/OVERCAST,UNKNOWN,34,0.0,0,1,3,4,66
WEATHER,SLEET/HAIL,OTHER,2,0.0,0,0,0,0,4
PHYSICAL CONDITION OF DRIVER,CLOUDY/OVERCAST,UNKNOWN,2,0.5,1,0,0,0,2
EXCEEDING AUTHORIZED SPEED LIMIT,CLEAR,SHOULDER DEFECT,1,0.0,0,0,0,0,2
ROAD CONSTRUCTION/MAINTENANCE,CLEAR,WORN SURFACE,12,0.0,0,0,5,0,15
"OPERATING VEHICLE IN ERRATIC, RECKLESS, CARELESS, NEGLIGENT OR AGGRESSIVE MANNER",CLEAR,WORN SURFACE,9,0.0,0,0,4,2,19
ROAD CONSTRUCTION/MAINTENANCE,CLOUDY/OVERCAST,NO DEFECTS,3,0.0,0,0,0,1,6
IMPROPER OVERTAKING/PASSING,FOG/SMOKE/HAZE,UNKNOWN,3,0.0,0,0,0,0,7
FAILING TO REDUCE SPEED TO AVOID CRASH,CLOUDY/OVERCAST,OTHER,2,0.0,0,2,0,1,2
DISREGARDING OTHER TRAFFIC SIGNS,OTHER,NO DEFECTS,2,0.0,0,0,0,0,8
FOLLOWING TOO CLOSELY,CLEAR,UNKNOWN,1753,0.0,0,18,144,159,4268
OBSTRUCTED CROSSWALKS,CLEAR,NO DEFECTS,35,0.0,0,3,10,5,75
NOT APPLICABLE,CLEAR,"RUT, HOLES",66,0.0,0,1,3,3,85
TURNING RIGHT ON RED,CLOUDY/OVERCAST,UNKNOWN,1,0.0,0,0,0,1,1
ROAD ENGINEERING/SURFACE/MARKING DEFECTS,RAIN,OTHER,3,0.0,0,0,0,0,5
UNABLE TO DETERMINE,CLOUDY/OVERCAST,DEBRIS ON ROADWAY,1,0.0,0,0,0,0,1
MOTORCYCLE ADVANCING LEGALLY ON RED LIGHT,UNKNOWN,UNKNOWN,1,0.0,0,0,2,0,1
"VISION OBSCURED (SIGNS, TREE LIMBS, BUILDINGS, ETC.)",CLEAR,UNKNOWN,117,0.0,0,6,35,16,238
UNDER THE INFLUENCE OF ALCOHOL/DRUGS (USE WHEN ARREST IS EFFECTED),CLEAR,NO DEFECTS,625,0.0096,6,88,322,127,1251
UNABLE TO DETERMINE,CLEAR,"RUT, HOLES",130,0.0,0,7,11,18,222
FOLLOWING TOO CLOSELY,OTHER,UNKNOWN,12,0.0,0,2,1,0,26
FAILING TO REDUCE SPEED TO AVOID CRASH,FOG/SMOKE/HAZE,UNKNOWN,2,0.0,0,0,0,0,5
WEATHER,FREEZING RAIN/DRIZZLE,OTHER,1,0.0,0,0,0,0,2
CELL PHONE USE OTHER THAN TEXTING,FREEZING RAIN/DRIZZLE,NO DEFECTS,1,0.0,0,0,1,0,4
"EVASIVE ACTION DUE TO ANIMAL, OBJECT, NONMOTORIST",UNKNOWN,UNKNOWN,4,0.0,0,0,0,0,7
FAILING TO REDUCE SPEED TO AVOID CRASH,SNOW,WORN SURFACE,4,0.0,0,0,1,1,9
FAILING TO YIELD RIGHT-OF-WAY,SNOW,"RUT, HOLES",1,0.0,0,0,0,0,2
NOT APPLICABLE,FREEZING RAIN/DRIZZLE,UNKNOWN,1,0.0,0,0,1,0,1
HAD BEEN DRINKING (USE WHEN ARREST IS NOT MADE),CLEAR,DEBRIS ON ROADWAY,1,0.0,0,0,1,0,4
FAILING TO REDUCE SPEED TO AVOID CRASH,OTHER,UNKNOWN,9,0.0,0,1,0,3,25
"OPERATING VEHICLE IN ERRATIC, RECKLESS, CARELESS, NEGLIGENT OR AGGRESSIVE MANNER",CLEAR,"RUT, HOLES",2,0.0,0,0,0,0,7
FAILING TO YIELD RIGHT-OF-WAY,CLOUDY/OVERCAST,"RUT, HOLES",6,0.0,0,0,1,0,19
"VISION OBSCURED (SIGNS, TREE LIMBS, BUILDINGS, ETC.)",SLEET/HAIL,UNKNOWN,1,0.0,0,0,0,0,3
"DISTRACTION - OTHER ELECTRONIC DEVICE (NAVIGATION DEVICE, DVD PLAYER, ETC.)",CLOUDY/OVERCAST,NO DEFECTS,3,0.0,0,0,1,0,5
FOLLOWING TOO CLOSELY,RAIN,UNKNOWN,284,0.0,0,3,28,32,641
CELL PHONE USE OTHER THAN TEXTING,CLEAR,UNKNOWN,27,0.0,0,0,2,4,62
"VISION OBSCURED (SIGNS, TREE LIMBS, BUILDINGS, ETC.)",SNOW,NO DEFECTS,29,0.0,0,1,8,3,57
UNABLE TO DETERMINE,SNOW,WORN SURFACE,4,0.0,0,0,0,2,6
IMPROPER TURNING/NO SIGNAL,CLOUDY/OVERCAST,UNKNOWN,62,0.0,0,0,8,2,165
IMPROPER TURNING/NO SIGNAL,CLOUDY/OVERCAST,NO DEFECTS,385,0.0,0,11,60,20,934
FAILING TO YIELD RIGHT-OF-WAY,FREEZING RAIN/DRIZZLE,UNKNOWN,24,0.0,0,0,10,2,54
NOT APPLICABLE,RAIN,WORN SURFACE,4,0.0,0,0,0,0,8
"VISION OBSCURED (SIGNS, TREE LIMBS, BUILDINGS, ETC.)",UNKNOWN,NO DEFECTS,1,0.0,0,0,0,1,1
"DISTRACTION - OTHER ELECTRONIC DEVICE (NAVIGATION DEVICE, DVD PLAYER, ETC.)",UNKNOWN,UNKNOWN,1,0.0,0,0,0,0,7
IMPROPER BACKING,CLOUDY/OVERCAST,NO DEFECTS,66,0.0,0,1,3,4,149
DISREGARDING STOP SIGN,CLEAR,"RUT, HOLES",8,0.0,0,0,0,0,22
DISREGARDING OTHER TRAFFIC SIGNS,FREEZING RAIN/DRIZZLE,UNKNOWN,1,0.0,0,0,0,0,5
DRIVING SKILLS/KNOWLEDGE/EXPERIENCE,SNOW,"RUT, HOLES",3,0.0,0,0,0,0,9
UNABLE TO DETERMINE,CLEAR,DEBRIS ON ROADWAY,20,0.0,0,2,5,1,32
FAILING TO YIELD RIGHT-OF-WAY,FREEZING RAIN/DRIZZLE,NO DEFECTS,75,0.0,0,6,53,14,130
DRIVING ON WRONG SIDE/WRONG WAY,CLEAR,WORN SURFACE,3,0.0,0,1,0,0,10
"DISTRACTION - OTHER ELECTRONIC DEVICE (NAVIGATION DEVICE, DVD PLAYER, ETC.)",RAIN,NO DEFECTS,7,0.0,0,0,3,0,13
IMPROPER OVERTAKING/PASSING,RAIN,OTHER,4,0.0,0,0,0,0,10
DISREGARDING TRAFFIC SIGNALS,SLEET/HAIL,UNKNOWN,4,0.0,0,0,3,0,9
WEATHER,BLOWING SNOW,WORN SURFACE,1,0.0,0,0,1,0,1
DISTRACTION - FROM INSIDE VEHICLE,SNOW,DEBRIS ON ROADWAY,1,0.0,0,1,1,0,0
"EVASIVE ACTION DUE TO ANIMAL, OBJECT, NONMOTORIST",CLEAR,"RUT, HOLES",3,0.0,0,0,0,0,7
"VISION OBSCURED (SIGNS, TREE LIMBS, BUILDINGS, ETC.)",RAIN,SHOULDER DEFECT,1,0.0,0,0,0,0,2
IMPROPER LANE USAGE,FREEZING RAIN/DRIZZLE,NO DEFECTS,6,0.0,0,0,0,0,13
IMPROPER TURNING/NO SIGNAL,CLOUDY/OVERCAST,SHOULDER DEFECT,2,0.0,0,1,0,0,4
ANIMAL,SNOW,NO DEFECTS,1,0.0,0,0,0,0,1
DISREGARDING TRAFFIC SIGNALS,FREEZING RAIN/DRIZZLE,UNKNOWN,5,0.0,0,0,0,0,12
FOLLOWING TOO CLOSELY,UNKNOWN,"RUT, HOLES",1,0.0,0,0,1,0,1
FOLLOWING TOO CLOSELY,RAIN,SHOULDER DEFECT,1,0.0,0,0,0,0,3
UNABLE TO DETERMINE,OTHER,"RUT, HOLES",2,0.0,0,0,0,0,5
BICYCLE ADVANCING LEGALLY ON RED LIGHT,RAIN,NO DEFECTS,1,0.0,0,0,0,1,3
DISREGARDING TRAFFIC SIGNALS,CLOUDY/OVERCAST,UNKNOWN,60,0.0,0,4,27,16,139
"VISION OBSCURED (SIGNS, TREE LIMBS, BUILDINGS, ETC.)",CLEAR,WORN SURFACE,7,0.0,0,1,4,3,10
"OPERATING VEHICLE IN ERRATIC, RECKLESS, CARELESS, NEGLIGENT OR AGGRESSIVE MANNER",CLOUDY/OVERCAST,WORN SURFACE,2,0.0,0,0,0,0,5
EQUIPMENT - VEHICLE CONDITION,CLEAR,SHOULDER DEFECT,2,0.0,0,0,1,0,8
DRIVING SKILLS/KNOWLEDGE/EXPERIENCE,CLEAR,UNKNOWN,476,0.0021008403361344537,1,11,83,35,1034
PHYSICAL CONDITION OF DRIVER,CLEAR,OTHER,4,0.0,0,0,1,0,7
PHYSICAL CONDITION OF DRIVER,SNOW,UNKNOWN,2,0.0,0,0,4,0,1
"VISION OBSCURED (SIGNS, TREE LIMBS, BUILDINGS, ETC.)",CLEAR,OTHER,11,0.0,0,1,0,1,21
DISREGARDING TRAFFIC SIGNALS,BLOWING SNOW,NO DEFECTS,10,0.0,0,0,2,0,22
FAILING TO REDUCE SPEED TO AVOID CRASH,SLEET/HAIL,UNKNOWN,1,0.0,0,0,0,0,2
IMPROPER LANE USAGE,SEVERE CROSS WIND GATE,UNKNOWN,2,0.0,0,0,0,0,6
FOLLOWING TOO CLOSELY,CLEAR,WORN SURFACE,34,0.0,0,0,10,7,80
FOLLOWING TOO CLOSELY,FREEZING RAIN/DRIZZLE,NO DEFECTS,28,0.0,0,0,1,3,65
ROAD ENGINEERING/SURFACE/MARKING DEFECTS,SNOW,"RUT, HOLES",1,0.0,0,0,0,0,1
EXCEEDING SAFE SPEED FOR CONDITIONS,RAIN,"RUT, HOLES",1,0.0,0,0,0,0,2
"EVASIVE ACTION DUE TO ANIMAL, OBJECT, NONMOTORIST",RAIN,NO DEFECTS,25,0.0,0,1,4,2,49
IMPROPER LANE USAGE,CLEAR,SHOULDER DEFECT,13,0.0,0,0,0,6,33
UNABLE TO DETERMINE,OTHER,SHOULDER DEFECT,1,0.0,0,0,0,0,3
IMPROPER LANE USAGE,BLOWING SNOW,NO DEFECTS,1,0.0,0,0,0,0,2
UNDER THE INFLUENCE OF ALCOHOL/DRUGS (USE WHEN ARREST IS EFFECTED),OTHER,NO DEFECTS,7,0.0,0,1,3,2,19
PASSING STOPPED SCHOOL BUS,CLEAR,OTHER,2,0.0,0,0,0,0,6
FOLLOWING TOO CLOSELY,RAIN,DEBRIS ON ROADWAY,1,0.0,0,0,0,0,2
DISREGARDING STOP SIGN,CLOUDY/OVERCAST,DEBRIS ON ROADWAY,1,0.0,0,0,0,0,2
DRIVING SKILLS/KNOWLEDGE/EXPERIENCE,SNOW,WORN SURFACE,2,0.0,0,0,0,2,3
IMPROPER BACKING,CLEAR,WORN SURFACE,10,0.0,0,0,0,0,24
RELATED TO BUS STOP,CLEAR,UNKNOWN,10,0.0,0,0,4,0,26
WEATHER,FREEZING RAIN/DRIZZLE,NO DEFECTS,41,0.0,0,2,9,3,83
CELL PHONE USE OTHER THAN TEXTING,SNOW,NO DEFECTS,6,0.0,0,0,0,2,14
EXCEEDING AUTHORIZED SPEED LIMIT,CLEAR,"RUT, HOLES",3,0.0,0,0,1,0,6
IMPROPER OVERTAKING/PASSING,SNOW,NO DEFECTS,130,0.0,0,0,4,1,324
DRIVING SKILLS/KNOWLEDGE/EXPERIENCE,RAIN,SHOULDER DEFECT,3,0.0,0,0,0,0,5
"VISION OBSCURED (SIGNS, TREE LIMBS, BUILDINGS, ETC.)",CLEAR,"RUT, HOLES",4,0.0,0,0,0,2,10
IMPROPER OVERTAKING/PASSING,CLEAR,UNKNOWN,877,0.0,0,9,64,48,2095
ROAD ENGINEERING/SURFACE/MARKING DEFECTS,CLEAR,OTHER,17,0.0,0,0,2,2,23
FAILING TO REDUCE SPEED TO AVOID CRASH,FREEZING RAIN/DRIZZLE,NO DEFECTS,25,0.0,0,0,12,3,43
TEXTING,SLEET/HAIL,NO DEFECTS,1,0.0,0,0,0,2,4
UNDER THE INFLUENCE OF ALCOHOL/DRUGS (USE WHEN ARREST IS EFFECTED),CLOUDY/OVERCAST,NO DEFECTS,21,0.0,0,2,6,3,38
FAILING TO YIELD RIGHT-OF-WAY,SLEET/HAIL,UNKNOWN,8,0.0,0,0,0,1,16
FAILING TO REDUCE SPEED TO AVOID CRASH,FOG/SMOKE/HAZE,NO DEFECTS,12,0.0,0,0,3,4,21
ROAD CONSTRUCTION/MAINTENANCE,CLOUDY/OVERCAST,UNKNOWN,2,0.0,0,0,0,0,4
NOT APPLICABLE,RAIN,DEBRIS ON ROADWAY,1,0.0,0,0,0,0,1
FAILING TO YIELD RIGHT-OF-WAY,RAIN,WORN SURFACE,14,0.0,0,0,3,6,33
"OPERATING VEHICLE IN ERRATIC, RECKLESS, CARELESS, NEGLIGENT OR AGGRESSIVE MANNER",OTHER,NO DEFECTS,4,0.0,0,0,1,1,18
TEXTING,CLEAR,UNKNOWN,7,0.0,0,0,2,0,14
"VISION OBSCURED (SIGNS, TREE LIMBS, BUILDINGS, ETC.)",CLOUDY/OVERCAST,UNKNOWN,6,0.0,0,1,0,0,16
CELL PHONE USE OTHER THAN TEXTING,CLOUDY/OVERCAST,NO DEFECTS,4,0.0,0,0,0,4,8
WEATHER,SEVERE CROSS WIND GATE,UNKNOWN,2,0.0,0,0,0,0,4
PHYSICAL CONDITION OF DRIVER,CLEAR,DEBRIS ON ROADWAY,1,0.0,0,0,0,0,1
UNDER THE INFLUENCE OF ALCOHOL/DRUGS (USE WHEN ARREST IS EFFECTED),SEVERE CROSS WIND GATE,NO DEFECTS,1,0.0,0,0,1,0,1
IMPROPER OVERTAKING/PASSING,SNOW,UNKNOWN,28,0.0,0,0,3,3,63
IMPROPER TURNING/NO SIGNAL,CLEAR,SHOULDER DEFECT,17,0.0,0,0,10,2,39
ROAD ENGINEERING/SURFACE/MARKING DEFECTS,FREEZING RAIN/DRIZZLE,UNKNOWN,1,0.0,0,0,0,0,3
DISREGARDING TRAFFIC SIGNALS,SNOW,OTHER,1,0.0,0,0,0,0,2
IMPROPER OVERTAKING/PASSING,UNKNOWN,UNKNOWN,154,0.0,0,0,5,8,330
DISREGARDING STOP SIGN,FOG/SMOKE/HAZE,UNKNOWN,3,0.0,0,0,0,2,10
UNABLE TO DETERMINE,CLOUDY/OVERCAST,UNKNOWN,387,0.0,0,5,54,32,884
EXCEEDING SAFE SPEED FOR CONDITIONS,CLEAR,UNKNOWN,11,0.0,0,0,1,1,23
"VISION OBSCURED (SIGNS, TREE LIMBS, BUILDINGS, ETC.)",FOG/SMOKE/HAZE,NO DEFECTS,3,0.0,0,1,1,0,4
DRIVING SKILLS/KNOWLEDGE/EXPERIENCE,FOG/SMOKE/HAZE,WORN SURFACE,1,0.0,0,0,0,0,2
WEATHER,OTHER,UNKNOWN,12,0.0,0,0,3,1,25
DISREGARDING STOP SIGN,SNOW,WORN SURFACE,2,0.0,0,0,0,0,5
DRIVING ON WRONG SIDE/WRONG WAY,RAIN,OTHER,2,0.0,0,0,2,1,2
DISREGARDING TRAFFIC SIGNALS,BLOWING SNOW,UNKNOWN,3,0.0,0,0,2,0,4
DISREGARDING ROAD MARKINGS,CLOUDY/OVERCAST,UNKNOWN,2,0.0,0,0,0,0,6
PHYSICAL CONDITION OF DRIVER,FOG/SMOKE/HAZE,UNKNOWN,1,0.0,0,0,0,0,2
ROAD CONSTRUCTION/MAINTENANCE,CLEAR,UNKNOWN,9,0.0,0,0,1,0,18
