id,trafficway_type,alignment,roadway_surface_condition,road_defect
1,ALLEY,"CURVE, LEVEL",WET,"RUT, HOLES"
2,ALLEY,STRAIGHT AND LEVEL,DRY,NO DEFECTS
3,ALLEY,STRAIGHT AND LEVEL,DRY,"RUT, HOLES"
4,ALLEY,STRAIGHT AND LEVEL,DRY,SHOULDER DEFECT
5,ALLEY,STRAIGHT AND LEVEL,DRY,UNKNOWN
6,ALLEY,STRAIGHT AND LEVEL,DRY,WORN SURFACE
7,ALLEY,STRAIGHT AND LEVEL,ICE,NO DEFECTS
8,ALLEY,STRAIGHT AND LEVEL,ICE,SHOULDER DEFECT
9,ALLEY,STRAIGHT AND LEVEL,ICE,UNKNOWN
10,ALLEY,STRAIGHT AND LEVEL,ICE,WORN SURFACE
11,ALLEY,STRAIGHT AND LEVEL,OTHER,UNKNOWN
12,ALLEY,STRAIGHT AND LEVEL,SNOW OR SLUSH,NO DEFECTS
13,ALLEY,STRAIGHT AND LEVEL,SNOW OR SLUSH,OTHER
14,ALLEY,STRAIGHT AND LEVEL,SNOW OR SLUSH,"RUT, HOLES"
15,ALLEY,STRAIGHT AND LEVEL,SNOW OR SLUSH,UNKNOWN
16,ALLEY,STRAIGHT AND LEVEL,UNKNOWN,NO DEFECTS
17,ALLEY,STRAIGHT AND LEVEL,UNKNOWN,UNKNOWN
18,ALLEY,STRAIGHT AND LEVEL,WET,DEBRIS ON ROADWAY
19,ALLEY,STRAIGHT AND LEVEL,WET,NO DEFECTS
20,ALLEY,STRAIGHT AND LEVEL,WET,"RUT, HOLES"
21,ALLEY,STRAIGHT AND LEVEL,WET,UNKNOWN
22,ALLEY,STRAIGHT AND LEVEL,WET,WORN SURFACE
23,ALLEY,STRAIGHT ON GRADE,DRY,NO DEFECTS
24,ALLEY,STRAIGHT ON GRADE,DRY,OTHER
25,ALLEY,STRAIGHT ON GRADE,DRY,UNKNOWN
26,ALLEY,STRAIGHT ON GRADE,SNOW OR SLUSH,NO DEFECTS
27,ALLEY,STRAIGHT ON GRADE,UNKNOWN,UNKNOWN
28,ALLEY,STRAIGHT ON GRADE,WET,NO DEFECTS
29,ALLEY,STRAIGHT ON GRADE,WET,UNKNOWN
30,CENTER TURN LANE,CURVE ON GRADE,DRY,NO DEFECTS
31,CENTER TURN LANE,CURVE ON GRADE,DRY,"RUT, HOLES"
32,CENTER TURN LANE,CURVE ON GRADE,WET,NO DEFECTS
33,CENTER TURN LANE,"CURVE, LEVEL",DRY,NO DEFECTS
34,CENTER TURN LANE,"CURVE, LEVEL",UNKNOWN,NO DEFECTS
35,CENTER TURN LANE,"CURVE, LEVEL",UNKNOWN,UNKNOWN
36,CENTER TURN LANE,"CURVE, LEVEL",WET,NO DEFECTS
37,CENTER TURN LANE,STRAIGHT AND LEVEL,DRY,DEBRIS ON ROADWAY
38,CENTER TURN LANE,STRAIGHT AND LEVEL,DRY,NO DEFECTS
39,CENTER TURN LANE,STRAIGHT AND LEVEL,DRY,OTHER
40,CENTER TURN LANE,STRAIGHT AND LEVEL,DRY,"RUT, HOLES"
41,CENTER TURN LANE,STRAIGHT AND LEVEL,DRY,SHOULDER DEFECT
42,CENTER TURN LANE,STRAIGHT AND LEVEL,DRY,UNKNOWN
43,CENTER TURN LANE,STRAIGHT AND LEVEL,DRY,WORN SURFACE
44,CENTER TURN LANE,STRAIGHT AND LEVEL,ICE,NO DEFECTS
45,CENTER TURN LANE,STRAIGHT AND LEVEL,ICE,"RUT, HOLES"
46,CENTER TURN LANE,STRAIGHT AND LEVEL,ICE,UNKNOWN
47,CENTER TURN LANE,STRAIGHT AND LEVEL,OTHER,NO DEFECTS
48,CENTER TURN LANE,STRAIGHT AND LEVEL,OTHER,UNKNOWN
49,CENTER TURN LANE,STRAIGHT AND LEVEL,OTHER,WORN SURFACE
50,CENTER TURN LANE,STRAIGHT AND LEVEL,SNOW OR SLUSH,DEBRIS ON ROADWAY
51,CENTER TURN LANE,STRAIGHT AND LEVEL,SNOW OR SLUSH,NO DEFECTS
52,CENTER TURN LANE,STRAIGHT AND LEVEL,SNOW OR SLUSH,OTHER
53,CENTER TURN LANE,STRAIGHT AND LEVEL,SNOW OR SLUSH,"RUT, HOLES"
54,CENTER TURN LANE,STRAIGHT AND LEVEL,SNOW OR SLUSH,UNKNOWN
55,CENTER TURN LANE,STRAIGHT AND LEVEL,UNKNOWN,NO DEFECTS
56,CENTER TURN LANE,STRAIGHT AND LEVEL,UNKNOWN,"RUT, HOLES"
57,CENTER TURN LANE,STRAIGHT AND LEVEL,UNKNOWN,UNKNOWN
58,CENTER TURN LANE,STRAIGHT AND LEVEL,WET,NO DEFECTS
59,CENTER TURN LANE,STRAIGHT AND LEVEL,WET,OTHER
60,CENTER TURN LANE,STRAIGHT AND LEVEL,WET,"RUT, HOLES"
61,CENTER TURN LANE,STRAIGHT AND LEVEL,WET,UNKNOWN
62,CENTER TURN LANE,STRAIGHT AND LEVEL,WET,WORN SURFACE
63,CENTER TURN LANE,STRAIGHT ON GRADE,DRY,NO DEFECTS
64,CENTER TURN LANE,STRAIGHT ON GRADE,DRY,UNKNOWN
65,CENTER TURN LANE,STRAIGHT ON GRADE,DRY,WORN SURFACE
66,CENTER TURN LANE,STRAIGHT ON GRADE,ICE,NO DEFECTS
67,CENTER TURN LANE,STRAIGHT ON GRADE,SNOW OR SLUSH,UNKNOWN
68,CENTER TURN LANE,STRAIGHT ON GRADE,UNKNOWN,UNKNOWN
69,CENTER TURN LANE,STRAIGHT ON GRADE,WET,NO DEFECTS
70,CENTER TURN LANE,STRAIGHT ON GRADE,WET,UNKNOWN
71,CENTER TURN LANE,STRAIGHT ON HILLCREST,DRY,NO DEFECTS
72,CENTER TURN LANE,STRAIGHT ON HILLCREST,SNOW OR SLUSH,NO DEFECTS
73,CENTER TURN LANE,STRAIGHT ON HILLCREST,UNKNOWN,UNKNOWN
74,CENTER TURN LANE,STRAIGHT ON HILLCREST,WET,NO DEFECTS
75,CENTER TURN LANE,STRAIGHT ON HILLCREST,WET,UNKNOWN
76,DIVIDED - W/MEDIAN (NOT RAISED),CURVE ON GRADE,DRY,NO DEFECTS
77,DIVIDED - W/MEDIAN (NOT RAISED),CURVE ON GRADE,ICE,NO DEFECTS
78,DIVIDED - W/MEDIAN (NOT RAISED),CURVE ON GRADE,SNOW OR SLUSH,NO DEFECTS
79,DIVIDED - W/MEDIAN (NOT RAISED),CURVE ON GRADE,UNKNOWN,UNKNOWN
80,DIVIDED - W/MEDIAN (NOT RAISED),CURVE ON GRADE,WET,NO DEFECTS
81,DIVIDED - W/MEDIAN (NOT RAISED),CURVE ON GRADE,WET,UNKNOWN
82,DIVIDED - W/MEDIAN (NOT RAISED),CURVE ON HILLCREST,DRY,NO DEFECTS
83,DIVIDED - W/MEDIAN (NOT RAISED),CURVE ON HILLCREST,DRY,UNKNOWN
84,DIVIDED - W/MEDIAN (NOT RAISED),CURVE ON HILLCREST,DRY,WORN SURFACE
85,DIVIDED - W/MEDIAN (NOT RAISED),CURVE ON HILLCREST,ICE,UNKNOWN
86,DIVIDED - W/MEDIAN (NOT RAISED),CURVE ON HILLCREST,SNOW OR SLUSH,NO DEFECTS
87,DIVIDED - W/MEDIAN (NOT RAISED),CURVE ON HILLCREST,WET,NO DEFECTS
88,DIVIDED - W/MEDIAN (NOT RAISED),"CURVE, LEVEL",DRY,NO DEFECTS
89,DIVIDED - W/MEDIAN (NOT RAISED),"CURVE, LEVEL",DRY,UNKNOWN
90,DIVIDED - W/MEDIAN (NOT RAISED),"CURVE, LEVEL",DRY,WORN SURFACE
91,DIVIDED - W/MEDIAN (NOT RAISED),"CURVE, LEVEL",ICE,NO DEFECTS
92,DIVIDED - W/MEDIAN (NOT RAISED),"CURVE, LEVEL",SNOW OR SLUSH,NO DEFECTS
93,DIVIDED - W/MEDIAN (NOT RAISED),"CURVE, LEVEL",SNOW OR SLUSH,UNKNOWN
94,DIVIDED - W/MEDIAN (NOT RAISED),"CURVE, LEVEL",UNKNOWN,NO DEFECTS
95,DIVIDED - W/MEDIAN (NOT RAISED),"CURVE, LEVEL",UNKNOWN,UNKNOWN
96,DIVIDED - W/MEDIAN (NOT RAISED),"CURVE, LEVEL",WET,NO DEFECTS
97,DIVIDED - W/MEDIAN (NOT RAISED),"CURVE, LEVEL",WET,OTHER
98,DIVIDED - W/MEDIAN (NOT RAISED),"CURVE, LEVEL",WET,UNKNOWN
99,DIVIDED - W/MEDIAN (NOT RAISED),STRAIGHT AND LEVEL,DRY,DEBRIS ON ROADWAY
100,DIVIDED - W/MEDIAN (NOT RAISED),STRAIGHT AND LEVEL,DRY,NO DEFECTS
101,DIVIDED - W/MEDIAN (NOT RAISED),STRAIGHT AND LEVEL,DRY,OTHER
102,DIVIDED - W/MEDIAN (NOT RAISED),STRAIGHT AND LEVEL,DRY,"RUT, HOLES"
103,DIVIDED - W/MEDIAN (NOT RAISED),STRAIGHT AND LEVEL,DRY,SHOULDER DEFECT
104,DIVIDED - W/MEDIAN (NOT RAISED),STRAIGHT AND LEVEL,DRY,UNKNOWN
105,DIVIDED - W/MEDIAN (NOT RAISED),STRAIGHT AND LEVEL,DRY,WORN SURFACE
106,DIVIDED - W/MEDIAN (NOT RAISED),STRAIGHT AND LEVEL,ICE,NO DEFECTS
107,DIVIDED - W/MEDIAN (NOT RAISED),STRAIGHT AND LEVEL,ICE,OTHER
108,DIVIDED - W/MEDIAN (NOT RAISED),STRAIGHT AND LEVEL,ICE,"RUT, HOLES"
109,DIVIDED - W/MEDIAN (NOT RAISED),STRAIGHT AND LEVEL,ICE,UNKNOWN
110,DIVIDED - W/MEDIAN (NOT RAISED),STRAIGHT AND LEVEL,ICE,WORN SURFACE
111,DIVIDED - W/MEDIAN (NOT RAISED),STRAIGHT AND LEVEL,OTHER,DEBRIS ON ROADWAY
112,DIVIDED - W/MEDIAN (NOT RAISED),STRAIGHT AND LEVEL,OTHER,NO DEFECTS
113,DIVIDED - W/MEDIAN (NOT RAISED),STRAIGHT AND LEVEL,OTHER,OTHER
114,DIVIDED - W/MEDIAN (NOT RAISED),STRAIGHT AND LEVEL,OTHER,"RUT, HOLES"
115,DIVIDED - W/MEDIAN (NOT RAISED),STRAIGHT AND LEVEL,OTHER,UNKNOWN
116,DIVIDED - W/MEDIAN (NOT RAISED),STRAIGHT AND LEVEL,OTHER,WORN SURFACE
117,DIVIDED - W/MEDIAN (NOT RAISED),STRAIGHT AND LEVEL,"SAND, MUD, DIRT",NO DEFECTS
118,DIVIDED - W/MEDIAN (NOT RAISED),STRAIGHT AND LEVEL,"SAND, MUD, DIRT",OTHER
119,DIVIDED - W/MEDIAN (NOT RAISED),STRAIGHT AND LEVEL,"SAND, MUD, DIRT","RUT, HOLES"
120,DIVIDED - W/MEDIAN (NOT RAISED),STRAIGHT AND LEVEL,SNOW OR SLUSH,DEBRIS ON ROADWAY
121,DIVIDED - W/MEDIAN (NOT RAISED),STRAIGHT AND LEVEL,SNOW OR SLUSH,NO DEFECTS
122,DIVIDED - W/MEDIAN (NOT RAISED),STRAIGHT AND LEVEL,SNOW OR SLUSH,OTHER
123,DIVIDED - W/MEDIAN (NOT RAISED),STRAIGHT AND LEVEL,SNOW OR SLUSH,"RUT, HOLES"
124,DIVIDED - W/MEDIAN (NOT RAISED),STRAIGHT AND LEVEL,SNOW OR SLUSH,SHOULDER DEFECT
125,DIVIDED - W/MEDIAN (NOT RAISED),STRAIGHT AND LEVEL,SNOW OR SLUSH,UNKNOWN
126,DIVIDED - W/MEDIAN (NOT RAISED),STRAIGHT AND LEVEL,SNOW OR SLUSH,WORN SURFACE
127,DIVIDED - W/MEDIAN (NOT RAISED),STRAIGHT AND LEVEL,UNKNOWN,NO DEFECTS
128,DIVIDED - W/MEDIAN (NOT RAISED),STRAIGHT AND LEVEL,UNKNOWN,OTHER
129,DIVIDED - W/MEDIAN (NOT RAISED),STRAIGHT AND LEVEL,UNKNOWN,"RUT, HOLES"
130,DIVIDED - W/MEDIAN (NOT RAISED),STRAIGHT AND LEVEL,UNKNOWN,UNKNOWN
131,DIVIDED - W/MEDIAN (NOT RAISED),STRAIGHT AND LEVEL,UNKNOWN,WORN SURFACE
132,DIVIDED - W/MEDIAN (NOT RAISED),STRAIGHT AND LEVEL,WET,DEBRIS ON ROADWAY
133,DIVIDED - W/MEDIAN (NOT RAISED),STRAIGHT AND LEVEL,WET,NO DEFECTS
134,DIVIDED - W/MEDIAN (NOT RAISED),STRAIGHT AND LEVEL,WET,OTHER
135,DIVIDED - W/MEDIAN (NOT RAISED),STRAIGHT AND LEVEL,WET,"RUT, HOLES"
136,DIVIDED - W/MEDIAN (NOT RAISED),STRAIGHT AND LEVEL,WET,SHOULDER DEFECT
137,DIVIDED - W/MEDIAN (NOT RAISED),STRAIGHT AND LEVEL,WET,UNKNOWN
138,DIVIDED - W/MEDIAN (NOT RAISED),STRAIGHT AND LEVEL,WET,WORN SURFACE
139,DIVIDED - W/MEDIAN (NOT RAISED),STRAIGHT ON GRADE,DRY,NO DEFECTS
140,DIVIDED - W/MEDIAN (NOT RAISED),STRAIGHT ON GRADE,DRY,OTHER
141,DIVIDED - W/MEDIAN (NOT RAISED),STRAIGHT ON GRADE,DRY,"RUT, HOLES"
142,DIVIDED - W/MEDIAN (NOT RAISED),STRAIGHT ON GRADE,DRY,SHOULDER DEFECT
143,DIVIDED - W/MEDIAN (NOT RAISED),STRAIGHT ON GRADE,DRY,UNKNOWN
144,DIVIDED - W/MEDIAN (NOT RAISED),STRAIGHT ON GRADE,DRY,WORN SURFACE
145,DIVIDED - W/MEDIAN (NOT RAISED),STRAIGHT ON GRADE,ICE,NO DEFECTS
146,DIVIDED - W/MEDIAN (NOT RAISED),STRAIGHT ON GRADE,SNOW OR SLUSH,NO DEFECTS
147,DIVIDED - W/MEDIAN (NOT RAISED),STRAIGHT ON GRADE,SNOW OR SLUSH,UNKNOWN
148,DIVIDED - W/MEDIAN (NOT RAISED),STRAIGHT ON GRADE,UNKNOWN,NO DEFECTS
149,DIVIDED - W/MEDIAN (NOT RAISED),STRAIGHT ON GRADE,UNKNOWN,UNKNOWN
150,DIVIDED - W/MEDIAN (NOT RAISED),STRAIGHT ON GRADE,WET,NO DEFECTS
151,DIVIDED - W/MEDIAN (NOT RAISED),STRAIGHT ON GRADE,WET,OTHER
152,DIVIDED - W/MEDIAN (NOT RAISED),STRAIGHT ON GRADE,WET,"RUT, HOLES"
153,DIVIDED - W/MEDIAN (NOT RAISED),STRAIGHT ON GRADE,WET,UNKNOWN
154,DIVIDED - W/MEDIAN (NOT RAISED),STRAIGHT ON GRADE,WET,WORN SURFACE
155,DIVIDED - W/MEDIAN (NOT RAISED),STRAIGHT ON HILLCREST,DRY,NO DEFECTS
156,DIVIDED - W/MEDIAN (NOT RAISED),STRAIGHT ON HILLCREST,DRY,OTHER
157,DIVIDED - W/MEDIAN (NOT RAISED),STRAIGHT ON HILLCREST,DRY,UNKNOWN
158,DIVIDED - W/MEDIAN (NOT RAISED),STRAIGHT ON HILLCREST,SNOW OR SLUSH,NO DEFECTS
159,DIVIDED - W/MEDIAN (NOT RAISED),STRAIGHT ON HILLCREST,SNOW OR SLUSH,OTHER
160,DIVIDED - W/MEDIAN (NOT RAISED),STRAIGHT ON HILLCREST,UNKNOWN,UNKNOWN
161,DIVIDED - W/MEDIAN (NOT RAISED),STRAIGHT ON HILLCREST,WET,NO DEFECTS
162,DIVIDED - W/MEDIAN BARRIER,CURVE ON GRADE,DRY,NO DEFECTS
163,DIVIDED - W/MEDIAN BARRIER,CURVE ON GRADE,DRY,UNKNOWN
164,DIVIDED - W/MEDIAN BARRIER,CURVE ON GRADE,DRY,WORN SURFACE
165,DIVIDED - W/MEDIAN BARRIER,CURVE ON GRADE,ICE,NO DEFECTS
166,DIVIDED - W/MEDIAN BARRIER,CURVE ON GRADE,OTHER,NO DEFECTS
167,DIVIDED - W/MEDIAN BARRIER,CURVE ON GRADE,SNOW OR SLUSH,UNKNOWN
168,DIVIDED - W/MEDIAN BARRIER,CURVE ON GRADE,UNKNOWN,NO DEFECTS
169,DIVIDED - W/MEDIAN BARRIER,CURVE ON GRADE,UNKNOWN,UNKNOWN
170,DIVIDED - W/MEDIAN BARRIER,CURVE ON GRADE,WET,NO DEFECTS
171,DIVIDED - W/MEDIAN BARRIER,CURVE ON GRADE,WET,UNKNOWN
172,DIVIDED - W/MEDIAN BARRIER,CURVE ON HILLCREST,DRY,NO DEFECTS
173,DIVIDED - W/MEDIAN BARRIER,CURVE ON HILLCREST,DRY,UNKNOWN
174,DIVIDED - W/MEDIAN BARRIER,CURVE ON HILLCREST,WET,NO DEFECTS
175,DIVIDED - W/MEDIAN BARRIER,"CURVE, LEVEL",DRY,NO DEFECTS
176,DIVIDED - W/MEDIAN BARRIER,"CURVE, LEVEL",DRY,OTHER
177,DIVIDED - W/MEDIAN BARRIER,"CURVE, LEVEL",DRY,UNKNOWN
178,DIVIDED - W/MEDIAN BARRIER,"CURVE, LEVEL",DRY,WORN SURFACE
179,DIVIDED - W/MEDIAN BARRIER,"CURVE, LEVEL",ICE,NO DEFECTS
180,DIVIDED - W/MEDIAN BARRIER,"CURVE, LEVEL",ICE,OTHER
181,DIVIDED - W/MEDIAN BARRIER,"CURVE, LEVEL",OTHER,NO DEFECTS
182,DIVIDED - W/MEDIAN BARRIER,"CURVE, LEVEL",SNOW OR SLUSH,NO DEFECTS
183,DIVIDED - W/MEDIAN BARRIER,"CURVE, LEVEL",SNOW OR SLUSH,UNKNOWN
184,DIVIDED - W/MEDIAN BARRIER,"CURVE, LEVEL",UNKNOWN,NO DEFECTS
185,DIVIDED - W/MEDIAN BARRIER,"CURVE, LEVEL",UNKNOWN,UNKNOWN
186,DIVIDED - W/MEDIAN BARRIER,"CURVE, LEVEL",WET,NO DEFECTS
187,DIVIDED - W/MEDIAN BARRIER,"CURVE, LEVEL",WET,UNKNOWN
188,DIVIDED - W/MEDIAN BARRIER,"CURVE, LEVEL",WET,WORN SURFACE
189,DIVIDED - W/MEDIAN BARRIER,STRAIGHT AND LEVEL,DRY,DEBRIS ON ROADWAY
190,DIVIDED - W/MEDIAN BARRIER,STRAIGHT AND LEVEL,DRY,NO DEFECTS
191,DIVIDED - W/MEDIAN BARRIER,STRAIGHT AND LEVEL,DRY,OTHER
192,DIVIDED - W/MEDIAN BARRIER,STRAIGHT AND LEVEL,DRY,"RUT, HOLES"
193,DIVIDED - W/MEDIAN BARRIER,STRAIGHT AND LEVEL,DRY,SHOULDER DEFECT
194,DIVIDED - W/MEDIAN BARRIER,STRAIGHT AND LEVEL,DRY,UNKNOWN
195,DIVIDED - W/MEDIAN BARRIER,STRAIGHT AND LEVEL,DRY,WORN SURFACE
196,DIVIDED - W/MEDIAN BARRIER,STRAIGHT AND LEVEL,ICE,NO DEFECTS
197,DIVIDED - W/MEDIAN BARRIER,STRAIGHT AND LEVEL,ICE,OTHER
198,DIVIDED - W/MEDIAN BARRIER,STRAIGHT AND LEVEL,ICE,"RUT, HOLES"
199,DIVIDED - W/MEDIAN BARRIER,STRAIGHT AND LEVEL,ICE,UNKNOWN
200,DIVIDED - W/MEDIAN BARRIER,STRAIGHT AND LEVEL,ICE,WORN SURFACE
201,DIVIDED - W/MEDIAN BARRIER,STRAIGHT AND LEVEL,OTHER,DEBRIS ON ROADWAY
202,DIVIDED - W/MEDIAN BARRIER,STRAIGHT AND LEVEL,OTHER,NO DEFECTS
203,DIVIDED - W/MEDIAN BARRIER,STRAIGHT AND LEVEL,OTHER,OTHER
204,DIVIDED - W/MEDIAN BARRIER,STRAIGHT AND LEVEL,OTHER,"RUT, HOLES"
205,DIVIDED - W/MEDIAN BARRIER,STRAIGHT AND LEVEL,OTHER,UNKNOWN
206,DIVIDED - W/MEDIAN BARRIER,STRAIGHT AND LEVEL,SNOW OR SLUSH,DEBRIS ON ROADWAY
207,DIVIDED - W/MEDIAN BARRIER,STRAIGHT AND LEVEL,SNOW OR SLUSH,NO DEFECTS
208,DIVIDED - W/MEDIAN BARRIER,STRAIGHT AND LEVEL,SNOW OR SLUSH,OTHER
209,DIVIDED - W/MEDIAN BARRIER,STRAIGHT AND LEVEL,SNOW OR SLUSH,"RUT, HOLES"
210,DIVIDED - W/MEDIAN BARRIER,STRAIGHT AND LEVEL,SNOW OR SLUSH,SHOULDER DEFECT
211,DIVIDED - W/MEDIAN BARRIER,STRAIGHT AND LEVEL,SNOW OR SLUSH,UNKNOWN
212,DIVIDED - W/MEDIAN BARRIER,STRAIGHT AND LEVEL,SNOW OR SLUSH,WORN SURFACE
213,DIVIDED - W/MEDIAN BARRIER,STRAIGHT AND LEVEL,UNKNOWN,NO DEFECTS
214,DIVIDED - W/MEDIAN BARRIER,STRAIGHT AND LEVEL,UNKNOWN,OTHER
215,DIVIDED - W/MEDIAN BARRIER,STRAIGHT AND LEVEL,UNKNOWN,"RUT, HOLES"
216,DIVIDED - W/MEDIAN BARRIER,STRAIGHT AND LEVEL,UNKNOWN,UNKNOWN
217,DIVIDED - W/MEDIAN BARRIER,STRAIGHT AND LEVEL,UNKNOWN,WORN SURFACE
218,DIVIDED - W/MEDIAN BARRIER,STRAIGHT AND LEVEL,WET,DEBRIS ON ROADWAY
219,DIVIDED - W/MEDIAN BARRIER,STRAIGHT AND LEVEL,WET,NO DEFECTS
220,DIVIDED - W/MEDIAN BARRIER,STRAIGHT AND LEVEL,WET,OTHER
221,DIVIDED - W/MEDIAN BARRIER,STRAIGHT AND LEVEL,WET,"RUT, HOLES"
222,DIVIDED - W/MEDIAN BARRIER,STRAIGHT AND LEVEL,WET,SHOULDER DEFECT
223,DIVIDED - W/MEDIAN BARRIER,STRAIGHT AND LEVEL,WET,UNKNOWN
224,DIVIDED - W/MEDIAN BARRIER,STRAIGHT AND LEVEL,WET,WORN SURFACE
225,DIVIDED - W/MEDIAN BARRIER,STRAIGHT ON GRADE,DRY,NO DEFECTS
226,DIVIDED - W/MEDIAN BARRIER,STRAIGHT ON GRADE,DRY,OTHER
227,DIVIDED - W/MEDIAN BARRIER,STRAIGHT ON GRADE,DRY,"RUT, HOLES"
228,DIVIDED - W/MEDIAN BARRIER,STRAIGHT ON GRADE,DRY,SHOULDER DEFECT
229,DIVIDED - W/MEDIAN BARRIER,STRAIGHT ON GRADE,DRY,UNKNOWN
230,DIVIDED - W/MEDIAN BARRIER,STRAIGHT ON GRADE,DRY,WORN SURFACE
231,DIVIDED - W/MEDIAN BARRIER,STRAIGHT ON GRADE,ICE,NO DEFECTS
232,DIVIDED - W/MEDIAN BARRIER,STRAIGHT ON GRADE,ICE,UNKNOWN
233,DIVIDED - W/MEDIAN BARRIER,STRAIGHT ON GRADE,OTHER,OTHER
234,DIVIDED - W/MEDIAN BARRIER,STRAIGHT ON GRADE,OTHER,UNKNOWN
235,DIVIDED - W/MEDIAN BARRIER,STRAIGHT ON GRADE,SNOW OR SLUSH,NO DEFECTS
236,DIVIDED - W/MEDIAN BARRIER,STRAIGHT ON GRADE,SNOW OR SLUSH,UNKNOWN
237,DIVIDED - W/MEDIAN BARRIER,STRAIGHT ON GRADE,UNKNOWN,NO DEFECTS
238,DIVIDED - W/MEDIAN BARRIER,STRAIGHT ON GRADE,UNKNOWN,UNKNOWN
239,DIVIDED - W/MEDIAN BARRIER,STRAIGHT ON GRADE,WET,NO DEFECTS
240,DIVIDED - W/MEDIAN BARRIER,STRAIGHT ON GRADE,WET,OTHER
241,DIVIDED - W/MEDIAN BARRIER,STRAIGHT ON GRADE,WET,"RUT, HOLES"
242,DIVIDED - W/MEDIAN BARRIER,STRAIGHT ON GRADE,WET,UNKNOWN
243,DIVIDED - W/MEDIAN BARRIER,STRAIGHT ON GRADE,WET,WORN SURFACE
244,DIVIDED - W/MEDIAN BARRIER,STRAIGHT ON HILLCREST,DRY,NO DEFECTS
245,DIVIDED - W/MEDIAN BARRIER,STRAIGHT ON HILLCREST,DRY,OTHER
246,DIVIDED - W/MEDIAN BARRIER,STRAIGHT ON HILLCREST,DRY,UNKNOWN
247,DIVIDED - W/MEDIAN BARRIER,STRAIGHT ON HILLCREST,DRY,WORN SURFACE
248,DIVIDED - W/MEDIAN BARRIER,STRAIGHT ON HILLCREST,SNOW OR SLUSH,NO DEFECTS
249,DIVIDED - W/MEDIAN BARRIER,STRAIGHT ON HILLCREST,SNOW OR SLUSH,UNKNOWN
250,DIVIDED - W/MEDIAN BARRIER,STRAIGHT ON HILLCREST,UNKNOWN,NO DEFECTS
251,DIVIDED - W/MEDIAN BARRIER,STRAIGHT ON HILLCREST,UNKNOWN,UNKNOWN
252,DIVIDED - W/MEDIAN BARRIER,STRAIGHT ON HILLCREST,WET,NO DEFECTS
253,DIVIDED - W/MEDIAN BARRIER,STRAIGHT ON HILLCREST,WET,UNKNOWN
254,DRIVEWAY,CURVE ON GRADE,DRY,NO DEFECTS
255,DRIVEWAY,CURVE ON HILLCREST,DRY,NO DEFECTS
256,DRIVEWAY,"CURVE, LEVEL",DRY,NO DEFECTS
257,DRIVEWAY,STRAIGHT AND LEVEL,DRY,NO DEFECTS
258,DRIVEWAY,STRAIGHT AND LEVEL,DRY,UNKNOWN
259,DRIVEWAY,STRAIGHT AND LEVEL,SNOW OR SLUSH,NO DEFECTS
260,DRIVEWAY,STRAIGHT AND LEVEL,UNKNOWN,NO DEFECTS
261,DRIVEWAY,STRAIGHT AND LEVEL,UNKNOWN,UNKNOWN
262,DRIVEWAY,STRAIGHT AND LEVEL,WET,NO DEFECTS
263,DRIVEWAY,STRAIGHT ON GRADE,DRY,NO DEFECTS
264,DRIVEWAY,STRAIGHT ON GRADE,DRY,OTHER
265,DRIVEWAY,STRAIGHT ON GRADE,DRY,SHOULDER DEFECT
266,DRIVEWAY,STRAIGHT ON GRADE,SNOW OR SLUSH,NO DEFECTS
267,DRIVEWAY,STRAIGHT ON GRADE,UNKNOWN,UNKNOWN
268,DRIVEWAY,STRAIGHT ON HILLCREST,DRY,NO DEFECTS
269,"FIVE POINT, OR MORE","CURVE, LEVEL",DRY,NO DEFECTS
270,"FIVE POINT, OR MORE","CURVE, LEVEL",DRY,UNKNOWN
271,"FIVE POINT, OR MORE",STRAIGHT AND LEVEL,DRY,NO DEFECTS
272,"FIVE POINT, OR MORE",STRAIGHT AND LEVEL,DRY,OTHER
273,"FIVE POINT, OR MORE",STRAIGHT AND LEVEL,DRY,"RUT, HOLES"
274,"FIVE POINT, OR MORE",STRAIGHT AND LEVEL,DRY,SHOULDER DEFECT
275,"FIVE POINT, OR MORE",STRAIGHT AND LEVEL,DRY,UNKNOWN
276,"FIVE POINT, OR MORE",STRAIGHT AND LEVEL,DRY,WORN SURFACE
277,"FIVE POINT, OR MORE",STRAIGHT AND LEVEL,ICE,UNKNOWN
278,"FIVE POINT, OR MORE",STRAIGHT AND LEVEL,OTHER,UNKNOWN
279,"FIVE POINT, OR MORE",STRAIGHT AND LEVEL,SNOW OR SLUSH,NO DEFECTS
280,"FIVE POINT, OR MORE",STRAIGHT AND LEVEL,SNOW OR SLUSH,UNKNOWN
281,"FIVE POINT, OR MORE",STRAIGHT AND LEVEL,UNKNOWN,NO DEFECTS
282,"FIVE POINT, OR MORE",STRAIGHT AND LEVEL,UNKNOWN,OTHER
283,"FIVE POINT, OR MORE",STRAIGHT AND LEVEL,UNKNOWN,UNKNOWN
284,"FIVE POINT, OR MORE",STRAIGHT AND LEVEL,WET,NO DEFECTS
285,"FIVE POINT, OR MORE",STRAIGHT AND LEVEL,WET,OTHER
286,"FIVE POINT, OR MORE",STRAIGHT AND LEVEL,WET,UNKNOWN
287,"FIVE POINT, OR MORE",STRAIGHT ON GRADE,DRY,NO DEFECTS
288,"FIVE POINT, OR MORE",STRAIGHT ON GRADE,DRY,UNKNOWN
289,"FIVE POINT, OR MORE",STRAIGHT ON GRADE,ICE,NO DEFECTS
290,"FIVE POINT, OR MORE",STRAIGHT ON GRADE,SNOW OR SLUSH,NO DEFECTS
291,"FIVE POINT, OR MORE",STRAIGHT ON GRADE,WET,UNKNOWN
292,"FIVE POINT, OR MORE",STRAIGHT ON HILLCREST,DRY,NO DEFECTS
293,FOUR WAY,CURVE ON GRADE,DRY,DEBRIS ON ROADWAY
294,FOUR WAY,CURVE ON GRADE,DRY,NO DEFECTS
295,FOUR WAY,CURVE ON GRADE,DRY,"RUT, HOLES"
296,FOUR WAY,CURVE ON GRADE,DRY,UNKNOWN
297,FOUR WAY,CURVE ON GRADE,UNKNOWN,UNKNOWN
298,FOUR WAY,CURVE ON GRADE,WET,NO DEFECTS
299,FOUR WAY,CURVE ON HILLCREST,DRY,NO DEFECTS
300,FOUR WAY,CURVE ON HILLCREST,ICE,UNKNOWN
301,FOUR WAY,CURVE ON HILLCREST,WET,NO DEFECTS
302,FOUR WAY,"CURVE, LEVEL",DRY,NO DEFECTS
303,FOUR WAY,"CURVE, LEVEL",DRY,"RUT, HOLES"
304,FOUR WAY,"CURVE, LEVEL",DRY,UNKNOWN
305,FOUR WAY,"CURVE, LEVEL",DRY,WORN SURFACE
306,FOUR WAY,"CURVE, LEVEL",UNKNOWN,UNKNOWN
307,FOUR WAY,"CURVE, LEVEL",WET,NO DEFECTS
308,FOUR WAY,"CURVE, LEVEL",WET,UNKNOWN
309,FOUR WAY,"CURVE, LEVEL",WET,WORN SURFACE
310,FOUR WAY,STRAIGHT AND LEVEL,DRY,DEBRIS ON ROADWAY
311,FOUR WAY,STRAIGHT AND LEVEL,DRY,NO DEFECTS
312,FOUR WAY,STRAIGHT AND LEVEL,DRY,OTHER
313,FOUR WAY,STRAIGHT AND LEVEL,DRY,"RUT, HOLES"
314,FOUR WAY,STRAIGHT AND LEVEL,DRY,SHOULDER DEFECT
315,FOUR WAY,STRAIGHT AND LEVEL,DRY,UNKNOWN
316,FOUR WAY,STRAIGHT AND LEVEL,DRY,WORN SURFACE
317,FOUR WAY,STRAIGHT AND LEVEL,ICE,NO DEFECTS
318,FOUR WAY,STRAIGHT AND LEVEL,ICE,OTHER
319,FOUR WAY,STRAIGHT AND LEVEL,ICE,UNKNOWN
320,FOUR WAY,STRAIGHT AND LEVEL,ICE,WORN SURFACE
321,FOUR WAY,STRAIGHT AND LEVEL,OTHER,DEBRIS ON ROADWAY
322,FOUR WAY,STRAIGHT AND LEVEL,OTHER,NO DEFECTS
323,FOUR WAY,STRAIGHT AND LEVEL,OTHER,OTHER
324,FOUR WAY,STRAIGHT AND LEVEL,OTHER,"RUT, HOLES"
325,FOUR WAY,STRAIGHT AND LEVEL,OTHER,UNKNOWN
326,FOUR WAY,STRAIGHT AND LEVEL,OTHER,WORN SURFACE
327,FOUR WAY,STRAIGHT AND LEVEL,"SAND, MUD, DIRT",DEBRIS ON ROADWAY
328,FOUR WAY,STRAIGHT AND LEVEL,"SAND, MUD, DIRT",UNKNOWN
329,FOUR WAY,STRAIGHT AND LEVEL,SNOW OR SLUSH,DEBRIS ON ROADWAY
330,FOUR WAY,STRAIGHT AND LEVEL,SNOW OR SLUSH,NO DEFECTS
331,FOUR WAY,STRAIGHT AND LEVEL,SNOW OR SLUSH,OTHER
332,FOUR WAY,STRAIGHT AND LEVEL,SNOW OR SLUSH,"RUT, HOLES"
333,FOUR WAY,STRAIGHT AND LEVEL,SNOW OR SLUSH,SHOULDER DEFECT
334,FOUR WAY,STRAIGHT AND LEVEL,SNOW OR SLUSH,UNKNOWN
335,FOUR WAY,STRAIGHT AND LEVEL,SNOW OR SLUSH,WORN SURFACE
336,FOUR WAY,STRAIGHT AND LEVEL,UNKNOWN,DEBRIS ON ROADWAY
337,FOUR WAY,STRAIGHT AND LEVEL,UNKNOWN,NO DEFECTS
338,FOUR WAY,STRAIGHT AND LEVEL,UNKNOWN,OTHER
339,FOUR WAY,STRAIGHT AND LEVEL,UNKNOWN,"RUT, HOLES"
340,FOUR WAY,STRAIGHT AND LEVEL,UNKNOWN,UNKNOWN
341,FOUR WAY,STRAIGHT AND LEVEL,UNKNOWN,WORN SURFACE
342,FOUR WAY,STRAIGHT AND LEVEL,WET,DEBRIS ON ROADWAY
343,FOUR WAY,STRAIGHT AND LEVEL,WET,NO DEFECTS
344,FOUR WAY,STRAIGHT AND LEVEL,WET,OTHER
345,FOUR WAY,STRAIGHT AND LEVEL,WET,"RUT, HOLES"
346,FOUR WAY,STRAIGHT AND LEVEL,WET,SHOULDER DEFECT
347,FOUR WAY,STRAIGHT AND LEVEL,WET,UNKNOWN
348,FOUR WAY,STRAIGHT AND LEVEL,WET,WORN SURFACE
349,FOUR WAY,STRAIGHT ON GRADE,DRY,NO DEFECTS
350,FOUR WAY,STRAIGHT ON GRADE,DRY,OTHER
351,FOUR WAY,STRAIGHT ON GRADE,DRY,"RUT, HOLES"
352,FOUR WAY,STRAIGHT ON GRADE,DRY,SHOULDER DEFECT
353,FOUR WAY,STRAIGHT ON GRADE,DRY,UNKNOWN
354,FOUR WAY,STRAIGHT ON GRADE,DRY,WORN SURFACE
355,FOUR WAY,STRAIGHT ON GRADE,ICE,NO DEFECTS
356,FOUR WAY,STRAIGHT ON GRADE,ICE,UNKNOWN
357,FOUR WAY,STRAIGHT ON GRADE,ICE,WORN SURFACE
358,FOUR WAY,STRAIGHT ON GRADE,OTHER,NO DEFECTS
359,FOUR WAY,STRAIGHT ON GRADE,OTHER,UNKNOWN
360,FOUR WAY,STRAIGHT ON GRADE,SNOW OR SLUSH,NO DEFECTS
361,FOUR WAY,STRAIGHT ON GRADE,SNOW OR SLUSH,OTHER
362,FOUR WAY,STRAIGHT ON GRADE,SNOW OR SLUSH,UNKNOWN
363,FOUR WAY,STRAIGHT ON GRADE,SNOW OR SLUSH,WORN SURFACE
364,FOUR WAY,STRAIGHT ON GRADE,UNKNOWN,NO DEFECTS
365,FOUR WAY,STRAIGHT ON GRADE,UNKNOWN,UNKNOWN
366,FOUR WAY,STRAIGHT ON GRADE,UNKNOWN,WORN SURFACE
367,FOUR WAY,STRAIGHT ON GRADE,WET,NO DEFECTS
368,FOUR WAY,STRAIGHT ON GRADE,WET,OTHER
369,FOUR WAY,STRAIGHT ON GRADE,WET,UNKNOWN
370,FOUR WAY,STRAIGHT ON GRADE,WET,WORN SURFACE
371,FOUR WAY,STRAIGHT ON HILLCREST,DRY,NO DEFECTS
372,FOUR WAY,STRAIGHT ON HILLCREST,DRY,UNKNOWN
373,FOUR WAY,STRAIGHT ON HILLCREST,ICE,NO DEFECTS
374,FOUR WAY,STRAIGHT ON HILLCREST,SNOW OR SLUSH,NO DEFECTS
375,FOUR WAY,STRAIGHT ON HILLCREST,SNOW OR SLUSH,UNKNOWN
376,FOUR WAY,STRAIGHT ON HILLCREST,WET,NO DEFECTS
377,FOUR WAY,STRAIGHT ON HILLCREST,WET,UNKNOWN
378,L-INTERSECTION,CURVE ON GRADE,SNOW OR SLUSH,NO DEFECTS
379,L-INTERSECTION,CURVE ON GRADE,WET,NO DEFECTS
380,L-INTERSECTION,"CURVE, LEVEL",DRY,NO DEFECTS
381,L-INTERSECTION,"CURVE, LEVEL",DRY,OTHER
382,L-INTERSECTION,STRAIGHT AND LEVEL,DRY,DEBRIS ON ROADWAY
383,L-INTERSECTION,STRAIGHT AND LEVEL,DRY,NO DEFECTS
384,L-INTERSECTION,STRAIGHT AND LEVEL,DRY,SHOULDER DEFECT
385,L-INTERSECTION,STRAIGHT AND LEVEL,DRY,UNKNOWN
386,L-INTERSECTION,STRAIGHT AND LEVEL,ICE,NO DEFECTS
387,L-INTERSECTION,STRAIGHT AND LEVEL,SNOW OR SLUSH,NO DEFECTS
388,L-INTERSECTION,STRAIGHT AND LEVEL,SNOW OR SLUSH,UNKNOWN
389,L-INTERSECTION,STRAIGHT AND LEVEL,UNKNOWN,UNKNOWN
390,L-INTERSECTION,STRAIGHT AND LEVEL,WET,NO DEFECTS
391,L-INTERSECTION,STRAIGHT AND LEVEL,WET,UNKNOWN
392,L-INTERSECTION,STRAIGHT ON GRADE,DRY,NO DEFECTS
393,L-INTERSECTION,STRAIGHT ON GRADE,DRY,SHOULDER DEFECT
394,L-INTERSECTION,STRAIGHT ON GRADE,DRY,UNKNOWN
395,L-INTERSECTION,STRAIGHT ON GRADE,DRY,WORN SURFACE
396,L-INTERSECTION,STRAIGHT ON GRADE,SNOW OR SLUSH,NO DEFECTS
397,NOT DIVIDED,CURVE ON GRADE,DRY,NO DEFECTS
398,NOT DIVIDED,CURVE ON GRADE,DRY,"RUT, HOLES"
399,NOT DIVIDED,CURVE ON GRADE,DRY,UNKNOWN
400,NOT DIVIDED,CURVE ON GRADE,DRY,WORN SURFACE
401,NOT DIVIDED,CURVE ON GRADE,ICE,NO DEFECTS
402,NOT DIVIDED,CURVE ON GRADE,ICE,WORN SURFACE
403,NOT DIVIDED,CURVE ON GRADE,"SAND, MUD, DIRT",DEBRIS ON ROADWAY
404,NOT DIVIDED,CURVE ON GRADE,SNOW OR SLUSH,UNKNOWN
405,NOT DIVIDED,CURVE ON GRADE,UNKNOWN,OTHER
406,NOT DIVIDED,CURVE ON GRADE,UNKNOWN,UNKNOWN
407,NOT DIVIDED,CURVE ON GRADE,WET,NO DEFECTS
408,NOT DIVIDED,CURVE ON GRADE,WET,"RUT, HOLES"
409,NOT DIVIDED,CURVE ON GRADE,WET,SHOULDER DEFECT
410,NOT DIVIDED,CURVE ON GRADE,WET,UNKNOWN
411,NOT DIVIDED,CURVE ON GRADE,WET,WORN SURFACE
412,NOT DIVIDED,CURVE ON HILLCREST,DRY,NO DEFECTS
413,NOT DIVIDED,CURVE ON HILLCREST,DRY,"RUT, HOLES"
414,NOT DIVIDED,CURVE ON HILLCREST,"SAND, MUD, DIRT",WORN SURFACE
415,NOT DIVIDED,CURVE ON HILLCREST,SNOW OR SLUSH,NO DEFECTS
416,NOT DIVIDED,CURVE ON HILLCREST,WET,NO DEFECTS
417,NOT DIVIDED,"CURVE, LEVEL",DRY,DEBRIS ON ROADWAY
418,NOT DIVIDED,"CURVE, LEVEL",DRY,NO DEFECTS
419,NOT DIVIDED,"CURVE, LEVEL",DRY,OTHER
420,NOT DIVIDED,"CURVE, LEVEL",DRY,"RUT, HOLES"
421,NOT DIVIDED,"CURVE, LEVEL",DRY,UNKNOWN
422,NOT DIVIDED,"CURVE, LEVEL",DRY,WORN SURFACE
423,NOT DIVIDED,"CURVE, LEVEL",ICE,OTHER
424,NOT DIVIDED,"CURVE, LEVEL",ICE,UNKNOWN
425,NOT DIVIDED,"CURVE, LEVEL",SNOW OR SLUSH,NO DEFECTS
426,NOT DIVIDED,"CURVE, LEVEL",SNOW OR SLUSH,UNKNOWN
427,NOT DIVIDED,"CURVE, LEVEL",SNOW OR SLUSH,WORN SURFACE
428,NOT DIVIDED,"CURVE, LEVEL",UNKNOWN,UNKNOWN
429,NOT DIVIDED,"CURVE, LEVEL",WET,DEBRIS ON ROADWAY
430,NOT DIVIDED,"CURVE, LEVEL",WET,NO DEFECTS
431,NOT DIVIDED,"CURVE, LEVEL",WET,"RUT, HOLES"
432,NOT DIVIDED,"CURVE, LEVEL",WET,SHOULDER DEFECT
433,NOT DIVIDED,"CURVE, LEVEL",WET,UNKNOWN
434,NOT DIVIDED,"CURVE, LEVEL",WET,WORN SURFACE
435,NOT DIVIDED,STRAIGHT AND LEVEL,DRY,DEBRIS ON ROADWAY
436,NOT DIVIDED,STRAIGHT AND LEVEL,DRY,NO DEFECTS
437,NOT DIVIDED,STRAIGHT AND LEVEL,DRY,OTHER
438,NOT DIVIDED,STRAIGHT AND LEVEL,DRY,"RUT, HOLES"
439,NOT DIVIDED,STRAIGHT AND LEVEL,DRY,SHOULDER DEFECT
440,NOT DIVIDED,STRAIGHT AND LEVEL,DRY,UNKNOWN
441,NOT DIVIDED,STRAIGHT AND LEVEL,DRY,WORN SURFACE
442,NOT DIVIDED,STRAIGHT AND LEVEL,ICE,NO DEFECTS
443,NOT DIVIDED,STRAIGHT AND LEVEL,ICE,OTHER
444,NOT DIVIDED,STRAIGHT AND LEVEL,ICE,"RUT, HOLES"
445,NOT DIVIDED,STRAIGHT AND LEVEL,ICE,SHOULDER DEFECT
446,NOT DIVIDED,STRAIGHT AND LEVEL,ICE,UNKNOWN
447,NOT DIVIDED,STRAIGHT AND LEVEL,ICE,WORN SURFACE
448,NOT DIVIDED,STRAIGHT AND LEVEL,OTHER,DEBRIS ON ROADWAY
449,NOT DIVIDED,STRAIGHT AND LEVEL,OTHER,NO DEFECTS
450,NOT DIVIDED,STRAIGHT AND LEVEL,OTHER,OTHER
451,NOT DIVIDED,STRAIGHT AND LEVEL,OTHER,"RUT, HOLES"
452,NOT DIVIDED,STRAIGHT AND LEVEL,OTHER,SHOULDER DEFECT
453,NOT DIVIDED,STRAIGHT AND LEVEL,OTHER,UNKNOWN
454,NOT DIVIDED,STRAIGHT AND LEVEL,OTHER,WORN SURFACE
455,NOT DIVIDED,STRAIGHT AND LEVEL,"SAND, MUD, DIRT",DEBRIS ON ROADWAY
456,NOT DIVIDED,STRAIGHT AND LEVEL,"SAND, MUD, DIRT",NO DEFECTS
457,NOT DIVIDED,STRAIGHT AND LEVEL,"SAND, MUD, DIRT",OTHER
458,NOT DIVIDED,STRAIGHT AND LEVEL,"SAND, MUD, DIRT","RUT, HOLES"
459,NOT DIVIDED,STRAIGHT AND LEVEL,"SAND, MUD, DIRT",UNKNOWN
460,NOT DIVIDED,STRAIGHT AND LEVEL,SNOW OR SLUSH,DEBRIS ON ROADWAY
461,NOT DIVIDED,STRAIGHT AND LEVEL,SNOW OR SLUSH,NO DEFECTS
462,NOT DIVIDED,STRAIGHT AND LEVEL,SNOW OR SLUSH,OTHER
463,NOT DIVIDED,STRAIGHT AND LEVEL,SNOW OR SLUSH,"RUT, HOLES"
464,NOT DIVIDED,STRAIGHT AND LEVEL,SNOW OR SLUSH,SHOULDER DEFECT
465,NOT DIVIDED,STRAIGHT AND LEVEL,SNOW OR SLUSH,UNKNOWN
466,NOT DIVIDED,STRAIGHT AND LEVEL,SNOW OR SLUSH,WORN SURFACE
467,NOT DIVIDED,STRAIGHT AND LEVEL,UNKNOWN,DEBRIS ON ROADWAY
468,NOT DIVIDED,STRAIGHT AND LEVEL,UNKNOWN,NO DEFECTS
469,NOT DIVIDED,STRAIGHT AND LEVEL,UNKNOWN,OTHER
470,NOT DIVIDED,STRAIGHT AND LEVEL,UNKNOWN,"RUT, HOLES"
471,NOT DIVIDED,STRAIGHT AND LEVEL,UNKNOWN,SHOULDER DEFECT
472,NOT DIVIDED,STRAIGHT AND LEVEL,UNKNOWN,UNKNOWN
473,NOT DIVIDED,STRAIGHT AND LEVEL,UNKNOWN,WORN SURFACE
474,NOT DIVIDED,STRAIGHT AND LEVEL,WET,DEBRIS ON ROADWAY
475,NOT DIVIDED,STRAIGHT AND LEVEL,WET,NO DEFECTS
476,NOT DIVIDED,STRAIGHT AND LEVEL,WET,OTHER
477,NOT DIVIDED,STRAIGHT AND LEVEL,WET,"RUT, HOLES"
478,NOT DIVIDED,STRAIGHT AND LEVEL,WET,SHOULDER DEFECT
479,NOT DIVIDED,STRAIGHT AND LEVEL,WET,UNKNOWN
480,NOT DIVIDED,STRAIGHT AND LEVEL,WET,WORN SURFACE
481,NOT DIVIDED,STRAIGHT ON GRADE,DRY,DEBRIS ON ROADWAY
482,NOT DIVIDED,STRAIGHT ON GRADE,DRY,NO DEFECTS
483,NOT DIVIDED,STRAIGHT ON GRADE,DRY,OTHER
484,NOT DIVIDED,STRAIGHT ON GRADE,DRY,"RUT, HOLES"
485,NOT DIVIDED,STRAIGHT ON GRADE,DRY,SHOULDER DEFECT
486,NOT DIVIDED,STRAIGHT ON GRADE,DRY,UNKNOWN
487,NOT DIVIDED,STRAIGHT ON GRADE,DRY,WORN SURFACE
488,NOT DIVIDED,STRAIGHT ON GRADE,ICE,NO DEFECTS
489,NOT DIVIDED,STRAIGHT ON GRADE,ICE,UNKNOWN
490,NOT DIVIDED,STRAIGHT ON GRADE,ICE,WORN SURFACE
491,NOT DIVIDED,STRAIGHT ON GRADE,OTHER,DEBRIS ON ROADWAY
492,NOT DIVIDED,STRAIGHT ON GRADE,OTHER,OTHER
493,NOT DIVIDED,STRAIGHT ON GRADE,OTHER,WORN SURFACE
494,NOT DIVIDED,STRAIGHT ON GRADE,SNOW OR SLUSH,NO DEFECTS
495,NOT DIVIDED,STRAIGHT ON GRADE,SNOW OR SLUSH,"RUT, HOLES"
496,NOT DIVIDED,STRAIGHT ON GRADE,SNOW OR SLUSH,SHOULDER DEFECT
497,NOT DIVIDED,STRAIGHT ON GRADE,SNOW OR SLUSH,UNKNOWN
498,NOT DIVIDED,STRAIGHT ON GRADE,UNKNOWN,NO DEFECTS
499,NOT DIVIDED,STRAIGHT ON GRADE,UNKNOWN,UNKNOWN
500,NOT DIVIDED,STRAIGHT ON GRADE,WET,NO DEFECTS
501,NOT DIVIDED,STRAIGHT ON GRADE,WET,OTHER
502,NOT DIVIDED,STRAIGHT ON GRADE,WET,"RUT, HOLES"
503,NOT DIVIDED,STRAIGHT ON GRADE,WET,SHOULDER DEFECT
504,NOT DIVIDED,STRAIGHT ON GRADE,WET,UNKNOWN
505,NOT DIVIDED,STRAIGHT ON GRADE,WET,WORN SURFACE
506,NOT DIVIDED,STRAIGHT ON HILLCREST,DRY,NO DEFECTS
507,NOT DIVIDED,STRAIGHT ON HILLCREST,DRY,"RUT, HOLES"
508,NOT DIVIDED,STRAIGHT ON HILLCREST,DRY,UNKNOWN
509,NOT DIVIDED,STRAIGHT ON HILLCREST,DRY,WORN SURFACE
510,NOT DIVIDED,STRAIGHT ON HILLCREST,ICE,NO DEFECTS
511,NOT DIVIDED,STRAIGHT ON HILLCREST,ICE,UNKNOWN
512,NOT DIVIDED,STRAIGHT ON HILLCREST,SNOW OR SLUSH,NO DEFECTS
513,NOT DIVIDED,STRAIGHT ON HILLCREST,SNOW OR SLUSH,UNKNOWN
514,NOT DIVIDED,STRAIGHT ON HILLCREST,SNOW OR SLUSH,WORN SURFACE
515,NOT DIVIDED,STRAIGHT ON HILLCREST,UNKNOWN,NO DEFECTS
516,NOT DIVIDED,STRAIGHT ON HILLCREST,UNKNOWN,UNKNOWN
517,NOT DIVIDED,STRAIGHT ON HILLCREST,WET,NO DEFECTS
518,NOT DIVIDED,STRAIGHT ON HILLCREST,WET,"RUT, HOLES"
519,NOT DIVIDED,STRAIGHT ON HILLCREST,WET,UNKNOWN
520,NOT REPORTED,"CURVE, LEVEL",DRY,NO DEFECTS
521,NOT REPORTED,STRAIGHT AND LEVEL,DRY,DEBRIS ON ROADWAY
522,NOT REPORTED,STRAIGHT AND LEVEL,DRY,NO DEFECTS
523,NOT REPORTED,STRAIGHT AND LEVEL,DRY,"RUT, HOLES"
524,NOT REPORTED,STRAIGHT AND LEVEL,DRY,UNKNOWN
525,NOT REPORTED,STRAIGHT AND LEVEL,DRY,WORN SURFACE
526,NOT REPORTED,STRAIGHT AND LEVEL,ICE,NO DEFECTS
527,NOT REPORTED,STRAIGHT AND LEVEL,ICE,OTHER
528,NOT REPORTED,STRAIGHT AND LEVEL,ICE,UNKNOWN
529,NOT REPORTED,STRAIGHT AND LEVEL,OTHER,NO DEFECTS
530,NOT REPORTED,STRAIGHT AND LEVEL,OTHER,OTHER
531,NOT REPORTED,STRAIGHT AND LEVEL,SNOW OR SLUSH,NO DEFECTS
532,NOT REPORTED,STRAIGHT AND LEVEL,SNOW OR SLUSH,UNKNOWN
533,NOT REPORTED,STRAIGHT AND LEVEL,UNKNOWN,NO DEFECTS
534,NOT REPORTED,STRAIGHT AND LEVEL,UNKNOWN,UNKNOWN
535,NOT REPORTED,STRAIGHT AND LEVEL,WET,NO DEFECTS
536,NOT REPORTED,STRAIGHT AND LEVEL,WET,UNKNOWN
537,NOT REPORTED,STRAIGHT ON GRADE,DRY,NO DEFECTS
538,NOT REPORTED,STRAIGHT ON GRADE,DRY,UNKNOWN
539,NOT REPORTED,STRAIGHT ON GRADE,WET,NO DEFECTS
540,NOT REPORTED,STRAIGHT ON HILLCREST,DRY,NO DEFECTS
541,ONE-WAY,CURVE ON GRADE,DRY,NO DEFECTS
542,ONE-WAY,CURVE ON GRADE,WET,NO DEFECTS
543,ONE-WAY,CURVE ON HILLCREST,DRY,NO DEFECTS
544,ONE-WAY,"CURVE, LEVEL",DRY,DEBRIS ON ROADWAY
545,ONE-WAY,"CURVE, LEVEL",DRY,NO DEFECTS
546,ONE-WAY,"CURVE, LEVEL",DRY,OTHER
547,ONE-WAY,"CURVE, LEVEL",DRY,UNKNOWN
548,ONE-WAY,"CURVE, LEVEL",DRY,WORN SURFACE
549,ONE-WAY,"CURVE, LEVEL",SNOW OR SLUSH,NO DEFECTS
550,ONE-WAY,"CURVE, LEVEL",UNKNOWN,NO DEFECTS
551,ONE-WAY,"CURVE, LEVEL",UNKNOWN,UNKNOWN
552,ONE-WAY,"CURVE, LEVEL",WET,NO DEFECTS
553,ONE-WAY,"CURVE, LEVEL",WET,UNKNOWN
554,ONE-WAY,STRAIGHT AND LEVEL,DRY,DEBRIS ON ROADWAY
555,ONE-WAY,STRAIGHT AND LEVEL,DRY,NO DEFECTS
556,ONE-WAY,STRAIGHT AND LEVEL,DRY,OTHER
557,ONE-WAY,STRAIGHT AND LEVEL,DRY,"RUT, HOLES"
558,ONE-WAY,STRAIGHT AND LEVEL,DRY,SHOULDER DEFECT
559,ONE-WAY,STRAIGHT AND LEVEL,DRY,UNKNOWN
560,ONE-WAY,STRAIGHT AND LEVEL,DRY,WORN SURFACE
561,ONE-WAY,STRAIGHT AND LEVEL,ICE,NO DEFECTS
562,ONE-WAY,STRAIGHT AND LEVEL,ICE,OTHER
563,ONE-WAY,STRAIGHT AND LEVEL,ICE,"RUT, HOLES"
564,ONE-WAY,STRAIGHT AND LEVEL,ICE,UNKNOWN
565,ONE-WAY,STRAIGHT AND LEVEL,ICE,WORN SURFACE
566,ONE-WAY,STRAIGHT AND LEVEL,OTHER,DEBRIS ON ROADWAY
567,ONE-WAY,STRAIGHT AND LEVEL,OTHER,NO DEFECTS
568,ONE-WAY,STRAIGHT AND LEVEL,OTHER,OTHER
569,ONE-WAY,STRAIGHT AND LEVEL,OTHER,"RUT, HOLES"
570,ONE-WAY,STRAIGHT AND LEVEL,OTHER,UNKNOWN
571,ONE-WAY,STRAIGHT AND LEVEL,OTHER,WORN SURFACE
572,ONE-WAY,STRAIGHT AND LEVEL,"SAND, MUD, DIRT",DEBRIS ON ROADWAY
573,ONE-WAY,STRAIGHT AND LEVEL,"SAND, MUD, DIRT",OTHER
574,ONE-WAY,STRAIGHT AND LEVEL,"SAND, MUD, DIRT",UNKNOWN
575,ONE-WAY,STRAIGHT AND LEVEL,SNOW OR SLUSH,NO DEFECTS
576,ONE-WAY,STRAIGHT AND LEVEL,SNOW OR SLUSH,OTHER
577,ONE-WAY,STRAIGHT AND LEVEL,SNOW OR SLUSH,"RUT, HOLES"
578,ONE-WAY,STRAIGHT AND LEVEL,SNOW OR SLUSH,UNKNOWN
579,ONE-WAY,STRAIGHT AND LEVEL,SNOW OR SLUSH,WORN SURFACE
580,ONE-WAY,STRAIGHT AND LEVEL,UNKNOWN,NO DEFECTS
581,ONE-WAY,STRAIGHT AND LEVEL,UNKNOWN,OTHER
582,ONE-WAY,STRAIGHT AND LEVEL,UNKNOWN,UNKNOWN
583,ONE-WAY,STRAIGHT AND LEVEL,UNKNOWN,WORN SURFACE
584,ONE-WAY,STRAIGHT AND LEVEL,WET,DEBRIS ON ROADWAY
585,ONE-WAY,STRAIGHT AND LEVEL,WET,NO DEFECTS
586,ONE-WAY,STRAIGHT AND LEVEL,WET,OTHER
587,ONE-WAY,STRAIGHT AND LEVEL,WET,"RUT, HOLES"
588,ONE-WAY,STRAIGHT AND LEVEL,WET,SHOULDER DEFECT
589,ONE-WAY,STRAIGHT AND LEVEL,WET,UNKNOWN
590,ONE-WAY,STRAIGHT AND LEVEL,WET,WORN SURFACE
591,ONE-WAY,STRAIGHT ON GRADE,DRY,NO DEFECTS
592,ONE-WAY,STRAIGHT ON GRADE,DRY,OTHER
593,ONE-WAY,STRAIGHT ON GRADE,DRY,"RUT, HOLES"
594,ONE-WAY,STRAIGHT ON GRADE,DRY,UNKNOWN
595,ONE-WAY,STRAIGHT ON GRADE,DRY,WORN SURFACE
596,ONE-WAY,STRAIGHT ON GRADE,ICE,NO DEFECTS
597,ONE-WAY,STRAIGHT ON GRADE,ICE,UNKNOWN
598,ONE-WAY,STRAIGHT ON GRADE,SNOW OR SLUSH,NO DEFECTS
599,ONE-WAY,STRAIGHT ON GRADE,SNOW OR SLUSH,UNKNOWN
600,ONE-WAY,STRAIGHT ON GRADE,UNKNOWN,NO DEFECTS
601,ONE-WAY,STRAIGHT ON GRADE,UNKNOWN,UNKNOWN
602,ONE-WAY,STRAIGHT ON GRADE,WET,NO DEFECTS
603,ONE-WAY,STRAIGHT ON GRADE,WET,"RUT, HOLES"
604,ONE-WAY,STRAIGHT ON GRADE,WET,UNKNOWN
605,ONE-WAY,STRAIGHT ON HILLCREST,DRY,NO DEFECTS
606,ONE-WAY,STRAIGHT ON HILLCREST,DRY,"RUT, HOLES"
607,ONE-WAY,STRAIGHT ON HILLCREST,DRY,UNKNOWN
608,ONE-WAY,STRAIGHT ON HILLCREST,ICE,NO DEFECTS
609,ONE-WAY,STRAIGHT ON HILLCREST,SNOW OR SLUSH,NO DEFECTS
610,ONE-WAY,STRAIGHT ON HILLCREST,UNKNOWN,UNKNOWN
611,ONE-WAY,STRAIGHT ON HILLCREST,WET,NO DEFECTS
612,ONE-WAY,STRAIGHT ON HILLCREST,WET,UNKNOWN
613,ONE-WAY,STRAIGHT ON HILLCREST,WET,WORN SURFACE
614,OTHER,CURVE ON GRADE,DRY,NO DEFECTS
615,OTHER,CURVE ON GRADE,DRY,UNKNOWN
616,OTHER,CURVE ON GRADE,SNOW OR SLUSH,NO DEFECTS
617,OTHER,CURVE ON GRADE,WET,NO DEFECTS
618,OTHER,CURVE ON HILLCREST,DRY,NO DEFECTS
619,OTHER,"CURVE, LEVEL",DRY,NO DEFECTS
620,OTHER,"CURVE, LEVEL",DRY,UNKNOWN
621,OTHER,"CURVE, LEVEL","SAND, MUD, DIRT",NO DEFECTS
622,OTHER,"CURVE, LEVEL",SNOW OR SLUSH,NO DEFECTS
623,OTHER,"CURVE, LEVEL",WET,NO DEFECTS
624,OTHER,"CURVE, LEVEL",WET,SHOULDER DEFECT
625,OTHER,"CURVE, LEVEL",WET,UNKNOWN
626,OTHER,STRAIGHT AND LEVEL,DRY,DEBRIS ON ROADWAY
627,OTHER,STRAIGHT AND LEVEL,DRY,NO DEFECTS
628,OTHER,STRAIGHT AND LEVEL,DRY,OTHER
629,OTHER,STRAIGHT AND LEVEL,DRY,"RUT, HOLES"
630,OTHER,STRAIGHT AND LEVEL,DRY,SHOULDER DEFECT
631,OTHER,STRAIGHT AND LEVEL,DRY,UNKNOWN
632,OTHER,STRAIGHT AND LEVEL,DRY,WORN SURFACE
633,OTHER,STRAIGHT AND LEVEL,ICE,NO DEFECTS
634,OTHER,STRAIGHT AND LEVEL,ICE,OTHER
635,OTHER,STRAIGHT AND LEVEL,ICE,UNKNOWN
636,OTHER,STRAIGHT AND LEVEL,OTHER,NO DEFECTS
637,OTHER,STRAIGHT AND LEVEL,OTHER,OTHER
638,OTHER,STRAIGHT AND LEVEL,OTHER,"RUT, HOLES"
639,OTHER,STRAIGHT AND LEVEL,OTHER,UNKNOWN
640,OTHER,STRAIGHT AND LEVEL,"SAND, MUD, DIRT",DEBRIS ON ROADWAY
641,OTHER,STRAIGHT AND LEVEL,"SAND, MUD, DIRT",NO DEFECTS
642,OTHER,STRAIGHT AND LEVEL,"SAND, MUD, DIRT",OTHER
643,OTHER,STRAIGHT AND LEVEL,SNOW OR SLUSH,NO DEFECTS
644,OTHER,STRAIGHT AND LEVEL,SNOW OR SLUSH,OTHER
645,OTHER,STRAIGHT AND LEVEL,SNOW OR SLUSH,"RUT, HOLES"
646,OTHER,STRAIGHT AND LEVEL,SNOW OR SLUSH,UNKNOWN
647,OTHER,STRAIGHT AND LEVEL,UNKNOWN,NO DEFECTS
648,OTHER,STRAIGHT AND LEVEL,UNKNOWN,OTHER
649,OTHER,STRAIGHT AND LEVEL,UNKNOWN,UNKNOWN
650,OTHER,STRAIGHT AND LEVEL,WET,NO DEFECTS
651,OTHER,STRAIGHT AND LEVEL,WET,OTHER
652,OTHER,STRAIGHT AND LEVEL,WET,"RUT, HOLES"
653,OTHER,STRAIGHT AND LEVEL,WET,SHOULDER DEFECT
654,OTHER,STRAIGHT AND LEVEL,WET,UNKNOWN
655,OTHER,STRAIGHT AND LEVEL,WET,WORN SURFACE
656,OTHER,STRAIGHT ON GRADE,DRY,NO DEFECTS
657,OTHER,STRAIGHT ON GRADE,DRY,OTHER
658,OTHER,STRAIGHT ON GRADE,DRY,SHOULDER DEFECT
659,OTHER,STRAIGHT ON GRADE,DRY,UNKNOWN
660,OTHER,STRAIGHT ON GRADE,"SAND, MUD, DIRT","RUT, HOLES"
661,OTHER,STRAIGHT ON GRADE,SNOW OR SLUSH,NO DEFECTS
662,OTHER,STRAIGHT ON GRADE,SNOW OR SLUSH,UNKNOWN
663,OTHER,STRAIGHT ON GRADE,UNKNOWN,NO DEFECTS
664,OTHER,STRAIGHT ON GRADE,UNKNOWN,UNKNOWN
665,OTHER,STRAIGHT ON GRADE,WET,NO DEFECTS
666,OTHER,STRAIGHT ON GRADE,WET,WORN SURFACE
667,OTHER,STRAIGHT ON HILLCREST,DRY,NO DEFECTS
668,OTHER,STRAIGHT ON HILLCREST,DRY,UNKNOWN
669,OTHER,STRAIGHT ON HILLCREST,DRY,WORN SURFACE
670,OTHER,STRAIGHT ON HILLCREST,"SAND, MUD, DIRT",DEBRIS ON ROADWAY
671,OTHER,STRAIGHT ON HILLCREST,WET,WORN SURFACE
672,PARKING LOT,CURVE ON GRADE,DRY,NO DEFECTS
673,PARKING LOT,CURVE ON GRADE,DRY,OTHER
674,PARKING LOT,CURVE ON GRADE,UNKNOWN,UNKNOWN
675,PARKING LOT,CURVE ON HILLCREST,WET,NO DEFECTS
676,PARKING LOT,"CURVE, LEVEL",DRY,NO DEFECTS
677,PARKING LOT,STRAIGHT AND LEVEL,DRY,NO DEFECTS
678,PARKING LOT,STRAIGHT AND LEVEL,DRY,SHOULDER DEFECT
679,PARKING LOT,STRAIGHT AND LEVEL,DRY,UNKNOWN
680,PARKING LOT,STRAIGHT AND LEVEL,ICE,UNKNOWN
681,PARKING LOT,STRAIGHT AND LEVEL,OTHER,UNKNOWN
682,PARKING LOT,STRAIGHT AND LEVEL,"SAND, MUD, DIRT",OTHER
683,PARKING LOT,STRAIGHT AND LEVEL,SNOW OR SLUSH,NO DEFECTS
684,PARKING LOT,STRAIGHT AND LEVEL,SNOW OR SLUSH,UNKNOWN
685,PARKING LOT,STRAIGHT AND LEVEL,UNKNOWN,NO DEFECTS
686,PARKING LOT,STRAIGHT AND LEVEL,UNKNOWN,UNKNOWN
687,PARKING LOT,STRAIGHT AND LEVEL,WET,NO DEFECTS
688,PARKING LOT,STRAIGHT AND LEVEL,WET,OTHER
689,PARKING LOT,STRAIGHT AND LEVEL,WET,UNKNOWN
690,PARKING LOT,STRAIGHT AND LEVEL,WET,WORN SURFACE
691,PARKING LOT,STRAIGHT ON GRADE,DRY,NO DEFECTS
692,PARKING LOT,STRAIGHT ON GRADE,DRY,UNKNOWN
693,PARKING LOT,STRAIGHT ON GRADE,WET,NO DEFECTS
694,PARKING LOT,STRAIGHT ON HILLCREST,WET,NO DEFECTS
695,RAMP,CURVE ON GRADE,DRY,NO DEFECTS
696,RAMP,CURVE ON GRADE,DRY,UNKNOWN
697,RAMP,CURVE ON GRADE,DRY,WORN SURFACE
698,RAMP,CURVE ON GRADE,ICE,NO DEFECTS
699,RAMP,CURVE ON GRADE,SNOW OR SLUSH,NO DEFECTS
700,RAMP,CURVE ON GRADE,UNKNOWN,UNKNOWN
701,RAMP,CURVE ON GRADE,WET,NO DEFECTS
702,RAMP,CURVE ON GRADE,WET,UNKNOWN
703,RAMP,CURVE ON HILLCREST,DRY,NO DEFECTS
704,RAMP,CURVE ON HILLCREST,SNOW OR SLUSH,NO DEFECTS
705,RAMP,"CURVE, LEVEL",DRY,NO DEFECTS
706,RAMP,"CURVE, LEVEL",DRY,UNKNOWN
707,RAMP,"CURVE, LEVEL",ICE,UNKNOWN
708,RAMP,"CURVE, LEVEL",WET,UNKNOWN
709,RAMP,STRAIGHT AND LEVEL,DRY,NO DEFECTS
710,RAMP,STRAIGHT AND LEVEL,DRY,OTHER
711,RAMP,STRAIGHT AND LEVEL,DRY,"RUT, HOLES"
712,RAMP,STRAIGHT AND LEVEL,DRY,UNKNOWN
713,RAMP,STRAIGHT AND LEVEL,DRY,WORN SURFACE
714,RAMP,STRAIGHT AND LEVEL,ICE,NO DEFECTS
715,RAMP,STRAIGHT AND LEVEL,OTHER,NO DEFECTS
716,RAMP,STRAIGHT AND LEVEL,SNOW OR SLUSH,NO DEFECTS
717,RAMP,STRAIGHT AND LEVEL,SNOW OR SLUSH,UNKNOWN
718,RAMP,STRAIGHT AND LEVEL,UNKNOWN,NO DEFECTS
719,RAMP,STRAIGHT AND LEVEL,UNKNOWN,UNKNOWN
720,RAMP,STRAIGHT AND LEVEL,WET,NO DEFECTS
721,RAMP,STRAIGHT AND LEVEL,WET,OTHER
722,RAMP,STRAIGHT AND LEVEL,WET,UNKNOWN
723,RAMP,STRAIGHT ON GRADE,DRY,NO DEFECTS
724,RAMP,STRAIGHT ON GRADE,DRY,UNKNOWN
725,RAMP,STRAIGHT ON GRADE,SNOW OR SLUSH,NO DEFECTS
726,RAMP,STRAIGHT ON GRADE,UNKNOWN,UNKNOWN
727,RAMP,STRAIGHT ON GRADE,WET,NO DEFECTS
728,RAMP,STRAIGHT ON GRADE,WET,UNKNOWN
729,RAMP,STRAIGHT ON HILLCREST,DRY,NO DEFECTS
730,RAMP,STRAIGHT ON HILLCREST,DRY,UNKNOWN
731,RAMP,STRAIGHT ON HILLCREST,UNKNOWN,UNKNOWN
732,RAMP,STRAIGHT ON HILLCREST,WET,NO DEFECTS
733,ROUNDABOUT,CURVE ON GRADE,DRY,NO DEFECTS
734,ROUNDABOUT,"CURVE, LEVEL",DRY,NO DEFECTS
735,ROUNDABOUT,"CURVE, LEVEL",DRY,"RUT, HOLES"
736,ROUNDABOUT,"CURVE, LEVEL",DRY,WORN SURFACE
737,ROUNDABOUT,"CURVE, LEVEL",WET,NO DEFECTS
738,ROUNDABOUT,STRAIGHT AND LEVEL,DRY,NO DEFECTS
739,ROUNDABOUT,STRAIGHT AND LEVEL,DRY,OTHER
740,ROUNDABOUT,STRAIGHT AND LEVEL,DRY,"RUT, HOLES"
741,ROUNDABOUT,STRAIGHT AND LEVEL,DRY,SHOULDER DEFECT
742,ROUNDABOUT,STRAIGHT AND LEVEL,DRY,UNKNOWN
743,ROUNDABOUT,STRAIGHT AND LEVEL,DRY,WORN SURFACE
744,ROUNDABOUT,STRAIGHT AND LEVEL,ICE,NO DEFECTS
745,ROUNDABOUT,STRAIGHT AND LEVEL,SNOW OR SLUSH,NO DEFECTS
746,ROUNDABOUT,STRAIGHT AND LEVEL,SNOW OR SLUSH,UNKNOWN
747,ROUNDABOUT,STRAIGHT AND LEVEL,UNKNOWN,NO DEFECTS
748,ROUNDABOUT,STRAIGHT AND LEVEL,UNKNOWN,UNKNOWN
749,ROUNDABOUT,STRAIGHT AND LEVEL,WET,NO DEFECTS
750,ROUNDABOUT,STRAIGHT AND LEVEL,WET,UNKNOWN
751,ROUNDABOUT,STRAIGHT ON GRADE,DRY,NO DEFECTS
752,T-INTERSECTION,CURVE ON GRADE,DRY,NO DEFECTS
753,T-INTERSECTION,CURVE ON GRADE,WET,UNKNOWN
754,T-INTERSECTION,"CURVE, LEVEL",DRY,NO DEFECTS
755,T-INTERSECTION,"CURVE, LEVEL",DRY,UNKNOWN
756,T-INTERSECTION,"CURVE, LEVEL",DRY,WORN SURFACE
757,T-INTERSECTION,"CURVE, LEVEL",ICE,NO DEFECTS
758,T-INTERSECTION,"CURVE, LEVEL",SNOW OR SLUSH,NO DEFECTS
759,T-INTERSECTION,"CURVE, LEVEL",SNOW OR SLUSH,UNKNOWN
760,T-INTERSECTION,"CURVE, LEVEL",UNKNOWN,UNKNOWN
761,T-INTERSECTION,"CURVE, LEVEL",WET,NO DEFECTS
762,T-INTERSECTION,"CURVE, LEVEL",WET,OTHER
763,T-INTERSECTION,"CURVE, LEVEL",WET,SHOULDER DEFECT
764,T-INTERSECTION,"CURVE, LEVEL",WET,UNKNOWN
765,T-INTERSECTION,STRAIGHT AND LEVEL,DRY,DEBRIS ON ROADWAY
766,T-INTERSECTION,STRAIGHT AND LEVEL,DRY,NO DEFECTS
767,T-INTERSECTION,STRAIGHT AND LEVEL,DRY,OTHER
768,T-INTERSECTION,STRAIGHT AND LEVEL,DRY,"RUT, HOLES"
769,T-INTERSECTION,STRAIGHT AND LEVEL,DRY,SHOULDER DEFECT
770,T-INTERSECTION,STRAIGHT AND LEVEL,DRY,UNKNOWN
771,T-INTERSECTION,STRAIGHT AND LEVEL,DRY,WORN SURFACE
772,T-INTERSECTION,STRAIGHT AND LEVEL,ICE,NO DEFECTS
773,T-INTERSECTION,STRAIGHT AND LEVEL,ICE,OTHER
774,T-INTERSECTION,STRAIGHT AND LEVEL,ICE,UNKNOWN
775,T-INTERSECTION,STRAIGHT AND LEVEL,OTHER,NO DEFECTS
776,T-INTERSECTION,STRAIGHT AND LEVEL,OTHER,OTHER
777,T-INTERSECTION,STRAIGHT AND LEVEL,OTHER,"RUT, HOLES"
778,T-INTERSECTION,STRAIGHT AND LEVEL,OTHER,UNKNOWN
779,T-INTERSECTION,STRAIGHT AND LEVEL,SNOW OR SLUSH,NO DEFECTS
780,T-INTERSECTION,STRAIGHT AND LEVEL,SNOW OR SLUSH,OTHER
781,T-INTERSECTION,STRAIGHT AND LEVEL,SNOW OR SLUSH,UNKNOWN
782,T-INTERSECTION,STRAIGHT AND LEVEL,SNOW OR SLUSH,WORN SURFACE
783,T-INTERSECTION,STRAIGHT AND LEVEL,UNKNOWN,NO DEFECTS
784,T-INTERSECTION,STRAIGHT AND LEVEL,UNKNOWN,OTHER
785,T-INTERSECTION,STRAIGHT AND LEVEL,UNKNOWN,UNKNOWN
786,T-INTERSECTION,STRAIGHT AND LEVEL,UNKNOWN,WORN SURFACE
787,T-INTERSECTION,STRAIGHT AND LEVEL,WET,NO DEFECTS
788,T-INTERSECTION,STRAIGHT AND LEVEL,WET,OTHER
789,T-INTERSECTION,STRAIGHT AND LEVEL,WET,"RUT, HOLES"
790,T-INTERSECTION,STRAIGHT AND LEVEL,WET,SHOULDER DEFECT
791,T-INTERSECTION,STRAIGHT AND LEVEL,WET,UNKNOWN
792,T-INTERSECTION,STRAIGHT AND LEVEL,WET,WORN SURFACE
793,T-INTERSECTION,STRAIGHT ON GRADE,DRY,DEBRIS ON ROADWAY
794,T-INTERSECTION,STRAIGHT ON GRADE,DRY,NO DEFECTS
795,T-INTERSECTION,STRAIGHT ON GRADE,DRY,OTHER
796,T-INTERSECTION,STRAIGHT ON GRADE,DRY,UNKNOWN
797,T-INTERSECTION,STRAIGHT ON GRADE,ICE,UNKNOWN
798,T-INTERSECTION,STRAIGHT ON GRADE,SNOW OR SLUSH,NO DEFECTS
799,T-INTERSECTION,STRAIGHT ON GRADE,SNOW OR SLUSH,UNKNOWN
800,T-INTERSECTION,STRAIGHT ON GRADE,UNKNOWN,UNKNOWN
801,T-INTERSECTION,STRAIGHT ON GRADE,WET,NO DEFECTS
802,T-INTERSECTION,STRAIGHT ON GRADE,WET,SHOULDER DEFECT
803,T-INTERSECTION,STRAIGHT ON GRADE,WET,UNKNOWN
804,T-INTERSECTION,STRAIGHT ON HILLCREST,DRY,NO DEFECTS
805,T-INTERSECTION,STRAIGHT ON HILLCREST,DRY,SHOULDER DEFECT
806,T-INTERSECTION,STRAIGHT ON HILLCREST,DRY,UNKNOWN
807,T-INTERSECTION,STRAIGHT ON HILLCREST,DRY,WORN SURFACE
808,T-INTERSECTION,STRAIGHT ON HILLCREST,ICE,NO DEFECTS
809,T-INTERSECTION,STRAIGHT ON HILLCREST,UNKNOWN,UNKNOWN
810,T-INTERSECTION,STRAIGHT ON HILLCREST,WET,NO DEFECTS
811,T-INTERSECTION,STRAIGHT ON HILLCREST,WET,UNKNOWN
812,TRAFFIC ROUTE,CURVE ON GRADE,DRY,NO DEFECTS
813,TRAFFIC ROUTE,"CURVE, LEVEL",DRY,NO DEFECTS
814,TRAFFIC ROUTE,"CURVE, LEVEL",SNOW OR SLUSH,NO DEFECTS
815,TRAFFIC ROUTE,"CURVE, LEVEL",UNKNOWN,UNKNOWN
816,TRAFFIC ROUTE,"CURVE, LEVEL",WET,NO DEFECTS
817,TRAFFIC ROUTE,STRAIGHT AND LEVEL,DRY,DEBRIS ON ROADWAY
818,TRAFFIC ROUTE,STRAIGHT AND LEVEL,DRY,NO DEFECTS
819,TRAFFIC ROUTE,STRAIGHT AND LEVEL,DRY,OTHER
820,TRAFFIC ROUTE,STRAIGHT AND LEVEL,DRY,"RUT, HOLES"
821,TRAFFIC ROUTE,STRAIGHT AND LEVEL,DRY,UNKNOWN
822,TRAFFIC ROUTE,STRAIGHT AND LEVEL,DRY,WORN SURFACE
823,TRAFFIC ROUTE,STRAIGHT AND LEVEL,ICE,NO DEFECTS
824,TRAFFIC ROUTE,STRAIGHT AND LEVEL,ICE,UNKNOWN
825,TRAFFIC ROUTE,STRAIGHT AND LEVEL,OTHER,OTHER
826,TRAFFIC ROUTE,STRAIGHT AND LEVEL,OTHER,UNKNOWN
827,TRAFFIC ROUTE,STRAIGHT AND LEVEL,"SAND, MUD, DIRT",UNKNOWN
828,TRAFFIC ROUTE,STRAIGHT AND LEVEL,SNOW OR SLUSH,NO DEFECTS
829,TRAFFIC ROUTE,STRAIGHT AND LEVEL,SNOW OR SLUSH,UNKNOWN
830,TRAFFIC ROUTE,STRAIGHT AND LEVEL,UNKNOWN,NO DEFECTS
831,TRAFFIC ROUTE,STRAIGHT AND LEVEL,UNKNOWN,UNKNOWN
832,TRAFFIC ROUTE,STRAIGHT AND LEVEL,WET,NO DEFECTS
833,TRAFFIC ROUTE,STRAIGHT AND LEVEL,WET,SHOULDER DEFECT
834,TRAFFIC ROUTE,STRAIGHT AND LEVEL,WET,UNKNOWN
835,TRAFFIC ROUTE,STRAIGHT AND LEVEL,WET,WORN SURFACE
836,TRAFFIC ROUTE,STRAIGHT ON GRADE,DRY,NO DEFECTS
837,TRAFFIC ROUTE,STRAIGHT ON GRADE,DRY,UNKNOWN
838,TRAFFIC ROUTE,STRAIGHT ON GRADE,ICE,NO DEFECTS
839,TRAFFIC ROUTE,STRAIGHT ON GRADE,WET,NO DEFECTS
840,TRAFFIC ROUTE,STRAIGHT ON HILLCREST,WET,NO DEFECTS
841,UNKNOWN,CURVE ON GRADE,DRY,NO DEFECTS
842,UNKNOWN,"CURVE, LEVEL",DRY,NO DEFECTS
843,UNKNOWN,"CURVE, LEVEL",OTHER,NO DEFECTS
844,UNKNOWN,"CURVE, LEVEL",UNKNOWN,UNKNOWN
845,UNKNOWN,"CURVE, LEVEL",WET,NO DEFECTS
846,UNKNOWN,STRAIGHT AND LEVEL,DRY,NO DEFECTS
847,UNKNOWN,STRAIGHT AND LEVEL,DRY,OTHER
848,UNKNOWN,STRAIGHT AND LEVEL,DRY,"RUT, HOLES"
849,UNKNOWN,STRAIGHT AND LEVEL,DRY,UNKNOWN
850,UNKNOWN,STRAIGHT AND LEVEL,DRY,WORN SURFACE
851,UNKNOWN,STRAIGHT AND LEVEL,ICE,NO DEFECTS
852,UNKNOWN,STRAIGHT AND LEVEL,ICE,UNKNOWN
853,UNKNOWN,STRAIGHT AND LEVEL,OTHER,OTHER
854,UNKNOWN,STRAIGHT AND LEVEL,OTHER,UNKNOWN
855,UNKNOWN,STRAIGHT AND LEVEL,SNOW OR SLUSH,NO DEFECTS
856,UNKNOWN,STRAIGHT AND LEVEL,SNOW OR SLUSH,UNKNOWN
857,UNKNOWN,STRAIGHT AND LEVEL,UNKNOWN,NO DEFECTS
858,UNKNOWN,STRAIGHT AND LEVEL,UNKNOWN,"RUT, HOLES"
859,UNKNOWN,STRAIGHT AND LEVEL,UNKNOWN,UNKNOWN
860,UNKNOWN,STRAIGHT AND LEVEL,WET,NO DEFECTS
861,UNKNOWN,STRAIGHT AND LEVEL,WET,UNKNOWN
862,UNKNOWN,STRAIGHT ON GRADE,DRY,UNKNOWN
863,UNKNOWN,STRAIGHT ON GRADE,UNKNOWN,UNKNOWN
864,UNKNOWN,STRAIGHT ON HILLCREST,UNKNOWN,UNKNOWN
865,UNKNOWN INTERSECTION TYPE,CURVE ON GRADE,DRY,NO DEFECTS
866,UNKNOWN INTERSECTION TYPE,CURVE ON GRADE,DRY,"RUT, HOLES"
867,UNKNOWN INTERSECTION TYPE,CURVE ON GRADE,WET,NO DEFECTS
868,UNKNOWN INTERSECTION TYPE,CURVE ON HILLCREST,DRY,NO DEFECTS
869,UNKNOWN INTERSECTION TYPE,"CURVE, LEVEL",DRY,NO DEFECTS
870,UNKNOWN INTERSECTION TYPE,"CURVE, LEVEL",DRY,UNKNOWN
871,UNKNOWN INTERSECTION TYPE,"CURVE, LEVEL",UNKNOWN,UNKNOWN
872,UNKNOWN INTERSECTION TYPE,"CURVE, LEVEL",WET,NO DEFECTS
873,UNKNOWN INTERSECTION TYPE,"CURVE, LEVEL",WET,UNKNOWN
874,UNKNOWN INTERSECTION TYPE,STRAIGHT AND LEVEL,DRY,NO DEFECTS
875,UNKNOWN INTERSECTION TYPE,STRAIGHT AND LEVEL,DRY,OTHER
876,UNKNOWN INTERSECTION TYPE,STRAIGHT AND LEVEL,DRY,"RUT, HOLES"
877,UNKNOWN INTERSECTION TYPE,STRAIGHT AND LEVEL,DRY,SHOULDER DEFECT
878,UNKNOWN INTERSECTION TYPE,STRAIGHT AND LEVEL,DRY,UNKNOWN
879,UNKNOWN INTERSECTION TYPE,STRAIGHT AND LEVEL,DRY,WORN SURFACE
880,UNKNOWN INTERSECTION TYPE,STRAIGHT AND LEVEL,ICE,NO DEFECTS
881,UNKNOWN INTERSECTION TYPE,STRAIGHT AND LEVEL,ICE,UNKNOWN
882,UNKNOWN INTERSECTION TYPE,STRAIGHT AND LEVEL,OTHER,OTHER
883,UNKNOWN INTERSECTION TYPE,STRAIGHT AND LEVEL,OTHER,UNKNOWN
884,UNKNOWN INTERSECTION TYPE,STRAIGHT AND LEVEL,SNOW OR SLUSH,NO DEFECTS
885,UNKNOWN INTERSECTION TYPE,STRAIGHT AND LEVEL,SNOW OR SLUSH,UNKNOWN
886,UNKNOWN INTERSECTION TYPE,STRAIGHT AND LEVEL,UNKNOWN,NO DEFECTS
887,UNKNOWN INTERSECTION TYPE,STRAIGHT AND LEVEL,UNKNOWN,"RUT, HOLES"
888,UNKNOWN INTERSECTION TYPE,STRAIGHT AND LEVEL,UNKNOWN,UNKNOWN
889,UNKNOWN INTERSECTION TYPE,STRAIGHT AND LEVEL,WET,NO DEFECTS
890,UNKNOWN INTERSECTION TYPE,STRAIGHT AND LEVEL,WET,OTHER
891,UNKNOWN INTERSECTION TYPE,STRAIGHT AND LEVEL,WET,UNKNOWN
892,UNKNOWN INTERSECTION TYPE,STRAIGHT ON GRADE,DRY,NO DEFECTS
893,UNKNOWN INTERSECTION TYPE,STRAIGHT ON GRADE,DRY,UNKNOWN
894,UNKNOWN INTERSECTION TYPE,STRAIGHT ON GRADE,UNKNOWN,UNKNOWN
895,UNKNOWN INTERSECTION TYPE,STRAIGHT ON GRADE,WET,NO DEFECTS
896,UNKNOWN INTERSECTION TYPE,STRAIGHT ON GRADE,WET,UNKNOWN
897,UNKNOWN INTERSECTION TYPE,STRAIGHT ON HILLCREST,DRY,NO DEFECTS
898,Y-INTERSECTION,CURVE ON GRADE,DRY,UNKNOWN
899,Y-INTERSECTION,CURVE ON GRADE,UNKNOWN,UNKNOWN
900,Y-INTERSECTION,CURVE ON GRADE,WET,NO DEFECTS
901,Y-INTERSECTION,CURVE ON HILLCREST,DRY,UNKNOWN
902,Y-INTERSECTION,"CURVE, LEVEL",DRY,NO DEFECTS
903,Y-INTERSECTION,"CURVE, LEVEL",DRY,"RUT, HOLES"
904,Y-INTERSECTION,"CURVE, LEVEL",DRY,UNKNOWN
905,Y-INTERSECTION,"CURVE, LEVEL",ICE,NO DEFECTS
906,Y-INTERSECTION,"CURVE, LEVEL",UNKNOWN,UNKNOWN
907,Y-INTERSECTION,"CURVE, LEVEL",WET,NO DEFECTS
908,Y-INTERSECTION,"CURVE, LEVEL",WET,UNKNOWN
909,Y-INTERSECTION,STRAIGHT AND LEVEL,DRY,NO DEFECTS
910,Y-INTERSECTION,STRAIGHT AND LEVEL,DRY,"RUT, HOLES"
911,Y-INTERSECTION,STRAIGHT AND LEVEL,DRY,SHOULDER DEFECT
912,Y-INTERSECTION,STRAIGHT AND LEVEL,DRY,UNKNOWN
913,Y-INTERSECTION,STRAIGHT AND LEVEL,DRY,WORN SURFACE
914,Y-INTERSECTION,STRAIGHT AND LEVEL,ICE,NO DEFECTS
915,Y-INTERSECTION,STRAIGHT AND LEVEL,ICE,OTHER
916,Y-INTERSECTION,STRAIGHT AND LEVEL,ICE,UNKNOWN
917,Y-INTERSECTION,STRAIGHT AND LEVEL,OTHER,NO DEFECTS
918,Y-INTERSECTION,STRAIGHT AND LEVEL,OTHER,"RUT, HOLES"
919,Y-INTERSECTION,STRAIGHT AND LEVEL,OTHER,UNKNOWN
920,Y-INTERSECTION,STRAIGHT AND LEVEL,SNOW OR SLUSH,NO DEFECTS
921,Y-INTERSECTION,STRAIGHT AND LEVEL,SNOW OR SLUSH,SHOULDER DEFECT
922,Y-INTERSECTION,STRAIGHT AND LEVEL,SNOW OR SLUSH,UNKNOWN
923,Y-INTERSECTION,STRAIGHT AND LEVEL,UNKNOWN,NO DEFECTS
924,Y-INTERSECTION,STRAIGHT AND LEVEL,UNKNOWN,UNKNOWN
925,Y-INTERSECTION,STRAIGHT AND LEVEL,WET,NO DEFECTS
926,Y-INTERSECTION,STRAIGHT AND LEVEL,WET,OTHER
927,Y-INTERSECTION,STRAIGHT AND LEVEL,WET,"RUT, HOLES"
928,Y-INTERSECTION,STRAIGHT AND LEVEL,WET,UNKNOWN
929,Y-INTERSECTION,STRAIGHT ON GRADE,DRY,NO DEFECTS
930,Y-INTERSECTION,STRAIGHT ON GRADE,DRY,UNKNOWN
931,Y-INTERSECTION,STRAIGHT ON GRADE,ICE,NO DEFECTS
932,Y-INTERSECTION,STRAIGHT ON GRADE,SNOW OR SLUSH,NO DEFECTS
933,Y-INTERSECTION,STRAIGHT ON GRADE,WET,NO DEFECTS
934,Y-INTERSECTION,STRAIGHT ON GRADE,WET,WORN SURFACE
935,Y-INTERSECTION,STRAIGHT ON HILLCREST,UNKNOWN,NO DEFECTS
